adventure_score,cultural_score,nature_score,luxury_score,budget_level,trip_duration_preference,num_days,hotel_type_encoded,activity_count,season_encoded,destination_base_price,num_travellers,total_cost_npr
0.64,0.03,0.28,0.22,0.74,14,3,2,4,0,2000,1,28905
0.6,0.56,0.72,0.7,0.42,10,10,1,1,0,8000,4,165027
0.22,0.76,0.1,0.38,0.36,7,10,1,1,2,5000,1,65452
0.29,0.63,0.89,0.36,0.19,3,3,2,2,1,2000,2,54658
0.45,0.83,0.16,0.36,0.67,3,10,2,2,2,8000,2,290475
0.27,0.93,0.69,0.22,0.32,3,4,0,3,1,4000,1,18957
0.72,0.21,0.5,0.88,0.64,5,5,0,2,2,6000,3,100213
0.9,0.4,0.22,1.0,0.51,3,3,0,2,2,3000,4,63244
0.38,1.0,0.53,0.97,0.86,3,3,2,5,1,10000,3,112494
0.16,0.0,0.72,0.72,0.97,5,10,0,6,1,10000,2,104848
0.16,0.95,0.92,0.92,0.6,10,3,0,3,1,3000,1,16919
0.08,0.73,0.82,0.98,0.53,5,4,2,4,2,3000,3,190314
0.96,0.93,0.76,0.69,0.71,10,5,1,5,1,2000,2,62189
0.02,0.55,0.59,0.01,0.71,3,4,0,1,1,2000,2,39756
0.21,0.13,0.94,0.57,0.47,10,7,0,1,0,8000,4,87051
0.47,0.73,0.67,0.98,0.1,10,5,0,2,0,3000,4,50881
0.28,0.25,0.92,0.44,0.86,14,3,0,6,2,10000,1,18453
0.41,0.48,0.86,0.9,0.16,3,7,1,4,1,5000,4,134110
0.22,0.06,0.74,0.06,0.31,3,10,1,5,2,3000,1,74534
0.19,0.6,0.68,0.24,0.12,14,4,2,5,0,6000,1,33622
0.57,0.32,0.26,0.67,0.31,7,7,0,6,2,4000,4,116665
0.46,1.0,1.0,0.07,0.21,7,4,1,1,0,4000,3,54361
0.54,0.3,0.98,0.81,0.53,14,5,2,1,0,4000,1,42082
0.27,0.6,0.72,0.2,0.63,7,10,1,3,0,2000,4,192234
0.0,0.77,0.64,0.26,0.74,14,7,2,1,0,2000,2,124340
0.37,0.55,0.43,0.04,0.36,3,5,0,6,0,8000,1,21824
0.87,0.97,0.75,0.93,0.24,5,4,1,1,0,8000,3,57110
0.67,0.74,0.25,0.16,0.7,10,3,1,2,0,10000,4,68867
0.8,0.23,0.02,0.19,0.33,3,5,1,6,2,5000,3,110156
0.97,0.18,0.96,0.27,0.11,10,5,2,3,1,6000,1,46533
0.25,0.71,0.0,0.93,0.54,5,5,1,1,2,4000,3,115377
0.9,0.51,0.67,0.33,0.7,14,4,0,4,2,5000,2,62146
0.41,0.83,0.3,0.21,0.79,14,5,1,4,1,8000,2,82113
0.9,0.8,0.17,0.08,0.52,14,5,0,2,2,4000,2,50285
0.02,0.24,0.48,0.85,0.07,10,10,0,6,2,5000,4,164508
0.66,0.01,0.75,0.77,0.11,10,4,0,6,2,5000,1,26817
0.85,0.46,0.8,0.67,0.99,14,5,1,5,2,6000,4,241087
0.16,0.86,0.45,0.75,0.84,7,10,1,6,0,4000,4,237298
0.23,0.34,0.89,0.08,0.15,10,4,2,2,0,5000,4,121930
0.42,0.21,0.42,0.9,0.58,3,10,1,4,0,4000,3,171102
0.89,0.84,0.54,0.73,0.8,5,7,0,3,1,5000,1,34039
0.68,0.4,0.17,0.47,0.13,14,10,0,4,2,6000,1,49204
0.14,0.46,0.05,0.38,0.21,7,5,1,3,1,4000,1,26801
0.54,1.0,0.35,0.65,0.78,3,3,0,2,0,6000,2,20108
0.67,0.56,0.22,0.7,0.77,5,10,2,6,2,2000,2,298888
0.03,0.31,0.68,0.96,0.4,5,3,2,6,2,3000,1,52195
0.68,0.81,0.8,0.57,0.04,14,7,2,3,0,6000,3,148621
0.49,0.43,0.36,0.89,0.46,5,7,0,6,2,8000,3,154006
0.48,0.44,0.73,0.27,0.85,3,5,1,2,1,6000,4,124469
0.85,0.18,0.21,0.8,0.34,14,5,2,1,2,3000,1,67220
0.49,0.76,0.69,0.65,0.49,3,3,1,2,1,8000,2,42262
0.37,0.55,0.34,1.0,0.55,7,7,1,3,1,3000,1,42687
0.12,0.54,0.76,0.19,0.22,10,5,2,5,2,6000,3,176709
0.23,0.18,0.01,0.53,0.27,3,10,1,6,0,8000,4,157425
0.28,0.48,0.34,0.97,0.25,10,3,0,4,1,2000,1,12010
0.56,0.3,0.99,0.12,0.76,14,10,2,2,2,5000,4,615941
0.59,0.43,0.57,0.06,0.96,3,4,2,2,1,8000,1,47258
0.55,0.16,0.41,0.69,0.47,3,4,1,6,1,8000,4,107707
0.92,0.79,0.63,0.66,0.93,10,3,2,2,2,3000,3,146612
0.06,0.79,0.6,0.82,0.92,10,3,1,6,1,8000,4,109184
0.49,0.08,0.04,0.43,0.32,7,3,0,2,2,10000,1,21574
0.27,0.04,0.76,0.47,0.65,7,4,2,4,2,10000,4,238206
0.41,0.32,0.1,0.16,0.41,10,5,2,4,2,2000,4,257808
0.32,0.97,0.4,0.51,0.99,14,7,1,1,0,6000,3,128292
0.44,0.05,0.27,0.13,0.29,10,3,0,6,2,10000,2,47498
0.55,0.55,0.09,0.99,0.91,10,3,2,2,1,8000,3,121706
0.42,0.48,0.47,0.46,0.14,5,10,2,6,0,10000,1,73383
0.93,0.51,0.82,0.28,0.3,14,10,2,4,0,5000,4,313459
0.76,0.38,0.93,0.87,0.98,5,10,1,2,1,2000,3,234406
0.91,0.38,0.99,0.79,0.65,5,7,0,2,2,6000,3,105545
0.53,0.46,0.72,0.41,0.65,5,3,1,3,1,6000,4,91151
0.33,0.67,0.53,0.95,0.63,10,10,0,5,0,3000,3,88658
0.98,0.76,0.7,0.1,0.17,7,3,0,3,0,4000,3,28735
0.24,0.41,0.68,0.18,0.18,14,7,2,6,0,5000,2,109982
0.25,0.26,0.01,0.8,0.9,14,4,0,4,1,6000,3,79093
0.25,0.85,0.2,0.38,0.48,5,7,2,3,2,4000,3,295201
0.27,0.57,0.69,0.74,0.05,14,7,1,2,2,10000,3,139033
0.62,0.68,0.72,0.66,0.84,3,3,1,4,0,6000,3,59378
0.91,0.33,0.42,0.2,0.79,7,10,2,3,0,4000,4,391164
0.87,0.8,0.47,0.08,0.75,5,7,2,3,0,10000,4,252081
0.12,0.37,0.75,0.26,0.38,7,3,2,2,1,2000,3,95521
0.06,0.82,0.91,0.3,0.41,5,3,0,3,1,2000,1,13066
0.39,0.37,0.95,0.7,0.54,14,4,1,6,0,10000,4,112309
0.95,0.03,0.37,0.44,0.95,7,3,2,3,2,8000,3,145252
0.19,0.12,0.85,0.45,0.66,14,3,0,3,0,3000,2,21894
0.59,0.81,0.23,0.77,0.79,14,3,1,2,0,6000,3,50292
0.66,0.03,0.01,0.79,0.24,7,3,0,3,0,3000,4,41906
0.06,0.45,0.36,0.59,0.45,5,10,0,6,2,6000,3,211998
0.03,1.0,0.85,0.43,0.11,10,3,0,3,2,3000,1,14022
0.63,0.55,0.33,0.99,0.53,10,10,2,4,0,10000,1,96237
0.77,0.72,0.22,0.45,0.23,7,7,1,4,2,2000,3,158087
0.25,0.95,0.69,0.47,0.09,3,3,1,1,2,8000,3,58579
0.06,0.96,0.56,0.67,0.41,10,3,1,5,1,4000,1,23794
0.15,0.48,0.85,0.35,0.56,3,5,2,2,1,10000,1,60491
0.69,0.03,0.27,0.76,0.92,7,3,0,2,2,8000,4,70016
0.63,0.03,0.75,0.22,0.42,7,4,1,3,2,4000,1,26598
0.75,0.05,0.08,0.44,0.42,14,7,1,3,0,10000,1,32113
0.28,0.68,0.49,0.67,0.05,10,10,0,1,0,4000,2,49201
0.26,0.33,0.01,0.75,0.18,10,10,2,2,2,6000,3,366755
0.74,0.44,0.46,0.08,0.31,10,10,1,6,2,5000,3,204360
0.97,0.17,0.95,0.46,0.69,7,3,1,1,0,5000,4,57057
0.87,0.75,0.22,0.78,0.08,3,10,2,2,1,4000,2,158339
0.26,0.17,0.15,0.76,0.08,10,7,2,5,1,8000,3,191011
0.44,0.47,0.63,0.8,0.59,7,10,0,3,1,5000,1,43831
0.29,0.64,0.98,0.09,0.59,10,7,2,5,2,2000,4,461408
0.19,0.61,0.5,0.96,0.45,7,3,2,6,0,2000,2,65117
0.52,0.61,0.36,0.92,0.39,7,10,0,6,2,4000,1,47835
0.68,0.28,0.72,0.66,0.91,5,5,0,5,2,3000,3,124680
0.66,0.13,0.71,0.08,0.56,7,4,2,6,2,8000,1,70503
0.51,0.02,0.31,0.95,0.34,10,4,0,2,0,2000,3,37586
0.77,0.84,0.88,0.04,0.34,14,4,2,4,0,3000,2,76826
0.9,0.72,0.04,0.36,0.72,10,10,1,6,1,3000,2,151118
0.84,0.37,0.95,0.98,0.46,7,7,2,5,1,3000,2,162070
0.87,0.05,0.48,0.37,0.93,14,3,1,1,0,4000,4,68647
0.44,0.95,0.22,0.45,0.35,3,7,0,4,2,4000,2,62835
0.22,0.32,0.1,0.71,0.34,5,4,0,3,1,8000,2,43538
0.45,0.01,0.08,0.26,0.83,14,10,2,4,0,10000,3,273157
0.05,0.42,0.79,0.46,0.11,10,10,2,1,2,6000,2,214373
0.43,0.61,0.24,0.42,0.66,3,10,1,1,2,6000,1,77679
0.64,0.98,0.25,0.02,0.79,7,4,2,6,2,2000,3,179484
0.55,0.81,0.18,0.78,0.46,10,4,0,1,2,10000,4,69583
0.04,0.2,0.04,0.93,0.52,14,7,1,1,2,3000,3,154936
0.66,0.27,0.8,0.44,0.4,10,7,1,2,1,8000,4,164951
0.8,0.73,0.08,0.6,0.82,14,5,1,1,0,4000,3,84131
0.72,0.17,0.44,0.45,0.73,7,10,1,3,2,10000,1,94572
0.41,0.51,0.75,0.16,0.03,14,7,0,2,0,3000,3,62116
0.57,0.61,0.68,0.95,0.37,3,10,0,5,1,5000,3,117741
0.96,0.03,0.19,0.52,0.91,3,5,1,6,1,3000,3,135737
0.12,0.85,0.45,0.9,0.45,3,5,2,3,2,2000,3,202535
0.71,0.7,0.17,0.36,0.22,5,4,0,4,0,4000,3,42777
0.61,0.09,0.31,1.0,0.72,14,7,1,5,0,3000,3,114506
0.47,0.52,0.13,0.83,0.55,14,4,0,4,2,10000,1,22653
0.3,0.16,0.93,0.23,0.95,14,5,0,3,0,8000,3,62638
0.61,0.09,0.64,0.59,0.58,5,10,2,5,1,10000,1,104603
0.05,0.64,0.58,0.65,0.77,10,10,2,1,1,8000,3,341487
0.24,0.81,0.41,0.45,0.69,5,7,1,4,1,3000,3,135466
0.86,0.32,0.99,0.35,0.4,7,10,2,1,1,3000,4,386380
0.25,0.1,0.29,0.38,0.62,5,4,1,5,2,4000,2,83526
1.0,0.47,0.88,0.5,0.09,10,10,1,2,0,6000,3,99734
0.49,0.88,0.65,0.47,0.54,3,7,0,3,2,4000,4,127647
0.05,0.56,0.36,0.29,0.39,10,10,1,5,2,6000,1,66893
0.37,0.99,0.56,0.37,0.14,14,10,1,5,0,2000,1,45142
0.8,0.52,0.15,0.89,0.14,14,5,0,4,2,8000,3,82107
0.83,0.53,0.71,0.3,0.82,7,5,2,1,1,6000,3,199050
0.69,0.03,0.47,0.97,0.78,14,10,0,6,0,6000,4,163914
0.72,0.77,0.38,0.82,0.24,14,3,0,1,1,4000,4,45753
0.2,0.5,0.61,0.47,0.85,3,4,2,2,2,4000,4,255615
0.96,0.46,0.53,0.55,0.68,7,10,1,2,0,4000,3,155654
0.29,0.21,0.7,0.32,0.35,7,5,0,5,2,6000,4,129312
0.77,0.15,0.04,0.96,0.08,10,5,2,4,0,3000,3,118448
0.14,0.62,0.59,0.24,0.67,14,4,2,2,0,2000,4,156389
0.1,0.77,0.01,0.55,0.93,10,7,1,6,0,10000,3,129267
0.06,0.77,0.65,0.23,0.74,3,4,1,2,0,10000,4,93438
0.94,0.96,0.93,0.88,0.01,14,10,0,3,1,5000,4,134531
0.27,0.81,0.33,0.73,0.65,5,3,2,3,1,6000,2,74958
0.64,0.41,0.43,0.33,0.4,3,4,0,4,1,3000,1,16742
0.45,0.27,0.33,0.58,0.57,7,5,2,2,0,8000,1,42321
0.41,0.5,0.9,0.7,0.31,3,5,1,5,0,3000,2,48469
0.75,0.61,0.42,0.55,0.47,14,4,0,6,2,10000,1,30918
0.7,0.08,0.56,0.06,0.55,14,4,2,5,0,3000,3,114852
0.68,0.72,0.49,0.9,0.45,3,7,0,5,1,5000,1,35434
0.81,0.72,0.4,0.82,0.75,14,3,0,4,1,8000,1,18009
0.89,0.99,0.47,0.29,0.18,5,7,1,4,1,10000,4,145857
0.96,0.87,0.13,0.86,0.12,14,7,2,2,2,3000,1,76234
0.46,0.72,0.42,0.38,0.23,10,5,0,3,0,8000,1,16056
0.61,0.94,0.89,0.24,0.07,14,3,1,5,2,8000,1,20460
0.44,0.54,0.75,0.78,0.14,7,4,2,5,1,6000,3,118089
0.14,0.66,0.22,0.3,0.06,14,4,2,6,1,6000,4,148491
0.64,0.38,0.52,0.7,0.41,7,7,0,5,1,3000,2,64100
0.81,0.91,0.56,0.97,0.56,5,7,0,3,0,4000,1,22228
0.54,0.83,0.05,0.38,0.6,3,3,0,5,2,8000,2,48282
0.91,0.3,0.91,0.21,0.19,3,7,0,6,2,8000,2,71874
0.32,0.28,0.47,0.65,0.31,7,10,1,4,0,10000,4,202085
0.2,0.31,0.05,0.86,0.74,3,5,2,5,2,8000,4,296814
0.33,0.38,0.83,0.5,0.65,7,5,1,6,2,8000,4,195279
0.79,0.17,0.72,0.49,0.92,14,3,2,1,0,10000,1,28190
0.14,0.63,0.07,0.15,0.22,10,5,0,5,2,8000,4,119249
0.01,0.55,0.01,0.53,0.27,7,3,2,6,2,5000,2,76284
0.15,0.19,0.53,0.82,0.27,10,3,1,4,1,6000,2,41250
0.68,0.85,0.65,0.86,0.76,3,7,1,4,2,5000,1,61831
0.17,0.5,0.43,0.78,0.57,3,10,0,2,0,10000,4,122109
0.07,0.93,0.9,0.56,0.03,7,3,0,5,0,10000,4,31490
0.56,0.57,0.85,0.68,0.54,10,4,2,6,0,6000,3,100076
0.23,0.08,0.61,0.61,0.6,7,3,2,3,1,5000,2,75647
0.38,0.19,0.59,0.38,0.77,7,4,2,1,0,4000,2,81750
0.63,0.74,0.32,0.11,0.01,7,7,1,3,0,3000,1,27616
0.56,0.51,0.1,0.09,0.55,14,10,1,4,0,4000,4,191028
0.9,0.91,0.98,0.57,0.17,10,4,0,3,1,4000,4,45115
0.43,0.42,0.48,0.08,0.25,5,7,2,5,0,5000,1,50607
0.95,0.33,0.62,0.8,0.33,7,7,2,5,0,4000,3,183576
0.48,0.18,0.4,0.32,0.73,10,10,0,3,1,4000,4,174768
0.56,0.59,0.55,0.68,0.55,10,4,1,3,2,2000,4,146867
0.63,0.24,0.66,0.72,0.79,3,7,2,4,2,5000,4,434311
0.97,0.7,0.81,0.59,0.91,3,4,2,6,1,3000,1,61428
0.65,0.97,0.33,0.8,0.11,3,5,0,5,2,6000,2,53521
0.46,0.68,0.69,0.15,1.0,10,3,1,4,0,2000,2,39396
0.46,0.21,0.48,0.48,0.44,10,5,0,3,0,10000,1,15899
0.11,0.8,0.93,0.74,0.52,14,4,1,5,1,5000,2,67650
0.18,0.64,0.43,0.03,0.61,5,7,2,4,1,2000,2,157151
0.7,0.8,0.58,0.8,0.54,7,5,0,4,0,4000,4,85051
0.6,0.61,0.59,0.35,0.85,14,4,2,6,1,6000,1,55212
0.12,0.31,0.18,0.69,0.51,10,10,0,5,1,5000,2,100379
0.69,0.65,1.0,0.55,0.49,5,4,1,4,2,2000,3,92448
0.2,0.38,0.56,0.65,0.41,10,7,2,4,1,3000,1,72268
0.76,0.29,0.27,0.54,0.17,10,10,2,4,2,6000,1,113921
0.78,0.82,0.37,0.82,0.04,10,10,0,4,0,8000,2,44254
0.26,0.86,0.09,0.87,0.12,5,4,2,5,2,4000,4,197580
0.78,0.81,0.81,0.57,0.53,14,10,0,3,2,4000,3,176169
0.86,0.99,0.68,0.1,0.96,10,3,1,6,0,8000,2,40629
0.32,0.25,0.84,0.39,0.14,7,7,1,4,0,8000,1,33386
0.28,0.94,0.37,0.95,0.33,3,3,2,4,2,8000,3,120744
0.22,0.43,0.21,0.27,0.83,7,10,2,2,2,10000,4,647551
0.68,0.05,0.1,0.78,0.46,3,4,1,4,0,5000,2,46495
0.65,0.16,0.93,0.27,0.65,7,3,1,6,2,3000,1,34374
0.73,0.76,0.43,0.09,0.1,5,7,0,2,2,3000,4,101486
0.34,0.12,0.86,0.69,0.48,5,7,0,6,0,2000,3,69224
0.38,0.81,0.87,0.64,0.68,3,10,2,1,2,8000,2,294832
0.21,0.75,0.92,0.62,0.44,5,3,0,2,0,6000,4,41041
0.79,0.25,0.64,0.25,0.6,14,5,2,1,2,4000,2,149193
0.19,0.39,0.65,0.78,0.79,5,7,1,1,0,5000,1,31812
0.93,0.13,0.86,0.57,0.37,5,7,0,1,2,2000,1,26746
0.92,0.95,0.4,0.29,0.71,10,7,2,4,0,8000,2,121213
0.08,0.92,0.97,0.16,0.33,14,3,1,6,1,8000,2,33127
0.92,0.12,0.61,0.06,0.67,5,3,0,6,0,8000,1,14766
0.35,0.52,0.82,0.26,0.37,7,3,0,3,1,4000,1,16478
0.58,0.08,0.46,0.36,0.5,14,4,1,2,1,10000,1,29430
0.12,0.74,0.0,0.86,0.01,3,7,1,4,0,3000,1,33940
0.66,0.22,0.25,0.92,0.32,3,10,1,1,2,8000,1,70534
0.52,0.05,0.4,0.88,0.87,7,5,0,5,1,2000,3,75492
0.78,0.74,0.24,0.37,0.97,5,10,0,2,0,5000,1,39141
0.64,0.69,0.01,0.34,0.76,10,5,0,2,2,3000,4,118828
1.0,0.71,0.09,0.92,0.9,14,7,2,3,1,8000,1,84043
0.13,0.82,0.07,0.57,0.43,5,4,1,3,1,10000,4,105664
0.45,0.23,0.94,0.14,0.77,3,4,0,2,1,5000,3,51335
0.36,0.77,0.45,0.46,0.85,3,4,2,3,2,8000,1,61514
0.09,0.25,0.36,0.51,0.68,7,4,0,4,1,6000,2,34672
0.8,0.14,0.01,0.83,0.98,5,4,1,3,2,8000,1,43909
0.92,0.07,1.0,0.2,0.65,5,3,1,1,0,5000,1,16110
0.82,0.39,0.03,0.68,0.17,5,4,1,3,1,3000,1,26271
0.25,0.3,0.41,0.55,0.06,7,7,0,4,0,8000,2,49236
0.02,0.38,0.71,0.48,0.78,7,10,2,3,1,4000,2,230626
0.22,0.9,0.78,0.06,0.99,14,5,2,2,0,2000,2,99727
0.53,0.79,0.74,0.76,0.95,14,7,1,2,0,3000,3,135842
0.91,0.03,0.7,0.95,0.56,14,4,1,5,1,3000,4,85397
0.23,0.22,0.53,0.0,0.92,5,4,1,6,0,10000,3,59724
0.59,0.92,0.77,0.85,0.86,3,5,2,6,1,6000,1,63691
0.14,0.16,0.95,0.79,0.96,7,4,2,5,2,6000,3,220024
0.81,0.38,0.73,0.29,0.18,3,10,1,5,0,3000,3,145575
0.64,0.1,0.5,0.33,0.08,7,5,0,6,0,10000,3,42439
0.21,0.69,0.35,0.79,0.72,3,7,1,6,1,3000,4,205814
0.55,0.1,0.48,0.86,0.65,5,4,1,1,0,4000,1,21186
0.1,0.34,0.89,0.16,0.08,3,5,2,5,1,8000,1,48626
0.61,0.43,0.05,0.33,0.97,10,10,2,6,2,4000,3,469315
0.05,0.57,0.84,0.15,0.36,10,3,1,6,2,6000,4,90420
0.21,0.64,0.98,0.47,0.12,10,7,1,6,1,2000,4,160180
0.38,0.19,0.04,0.44,0.26,7,10,0,2,2,8000,1,50709
0.81,0.41,0.76,0.23,0.06,10,10,1,5,2,10000,4,265871
0.3,0.39,0.85,0.03,0.57,14,10,2,5,0,2000,4,350802
0.21,0.19,0.04,0.08,0.68,5,4,2,3,1,8000,1,45973
0.4,0.33,0.28,0.46,0.87,14,10,2,4,0,5000,2,202106
0.58,0.96,0.1,0.11,0.78,7,10,1,4,1,5000,4,303326
0.04,0.28,0.14,0.61,0.69,3,7,1,6,0,2000,4,144869
0.34,0.79,0.31,0.84,0.86,3,4,0,3,2,5000,3,90235
0.6,0.09,0.44,0.91,0.41,10,10,1,1,2,10000,2,148038
0.51,0.14,0.85,0.88,0.03,5,4,0,2,0,5000,1,12121
0.27,0.82,0.51,0.64,0.12,3,4,1,4,2,5000,2,66461
0.35,0.16,0.89,0.75,0.69,7,3,1,1,0,10000,2,32569
0.68,0.27,0.41,0.02,0.78,3,7,0,6,0,6000,1,26700
0.81,0.31,0.97,0.64,0.42,10,5,1,3,0,5000,3,86209
0.62,0.58,0.01,1.0,0.97,7,10,2,5,2,4000,3,489474
0.06,0.99,0.64,0.86,0.26,7,4,0,5,0,2000,4,68455
0.14,0.03,0.5,0.3,0.91,10,7,2,1,2,8000,2,240662
0.22,0.53,0.78,0.91,0.67,14,5,0,6,2,3000,3,87340
0.74,0.73,0.56,0.91,0.95,7,3,0,3,0,8000,3,40092
0.26,0.29,0.85,0.47,0.87,14,10,2,1,1,3000,1,120452
0.3,0.05,0.85,0.14,0.2,10,10,1,2,1,10000,2,97556
0.33,0.99,0.31,0.06,0.45,5,4,2,2,1,10000,1,43059
0.63,0.4,0.97,0.38,0.04,5,5,0,3,2,3000,1,22064
0.73,0.23,0.88,0.31,0.1,14,10,1,2,0,10000,1,38592
0.73,0.6,0.34,0.89,1.0,7,7,1,2,0,10000,4,142272
0.73,0.13,0.73,0.59,0.17,7,3,1,6,1,10000,1,21631
0.11,0.84,0.05,0.12,0.44,3,10,1,4,2,3000,2,183676
0.01,0.42,0.1,0.52,0.62,5,7,0,5,2,6000,1,39703
0.11,0.2,0.2,0.26,0.52,5,5,2,4,1,3000,1,60911
0.21,0.93,0.33,0.0,0.67,3,10,2,4,0,2000,1,96516
0.9,0.64,0.46,0.98,0.26,3,3,0,1,1,4000,3,26235
0.85,0.89,0.01,0.14,0.65,7,5,1,5,1,8000,1,34190
0.11,0.4,0.46,0.84,0.69,10,7,2,2,0,3000,1,59152
0.91,0.48,0.57,0.44,0.61,7,10,0,6,2,3000,4,239866
0.41,0.05,0.26,0.31,0.7,14,10,2,5,0,8000,3,296952
0.7,0.1,0.66,0.25,0.35,10,4,2,5,0,2000,2,75210
0.5,0.17,0.75,0.32,0.33,7,3,2,2,2,8000,4,149913
0.46,0.8,0.45,0.86,0.45,3,7,2,6,0,2000,4,233208
0.55,0.83,0.79,0.96,0.64,14,10,0,6,2,5000,3,167758
0.22,0.45,0.56,0.62,0.47,7,7,0,1,2,3000,1,37929
0.63,0.8,0.55,0.37,0.11,5,7,0,6,2,8000,4,125646
0.2,0.12,0.85,0.22,0.82,5,5,0,4,0,8000,1,24341
0.66,0.96,0.13,0.5,0.53,3,10,1,5,1,6000,2,135992
0.73,0.13,0.39,0.6,0.88,14,7,1,5,2,10000,2,144967
0.34,0.29,0.8,0.14,0.6,14,5,2,5,1,8000,2,112101
0.71,0.69,0.92,0.13,0.71,5,10,2,6,2,4000,1,160800
0.48,0.57,0.67,0.42,0.75,14,5,1,1,2,2000,1,36229
0.67,0.2,0.75,0.16,0.29,7,4,0,6,1,3000,1,18616
0.62,0.68,0.56,0.22,0.65,10,4,2,6,1,8000,1,50203
0.96,0.98,0.31,0.55,0.01,7,4,2,4,0,8000,3,97329
0.74,0.2,0.72,0.19,0.45,3,4,0,6,2,2000,4,86356
0.56,0.13,0.58,0.26,0.33,5,3,0,3,2,2000,3,60399
0.36,0.78,0.32,0.22,0.18,3,10,0,4,2,6000,4,164879
0.88,0.66,0.33,0.29,0.95,14,10,1,5,2,2000,1,99686
0.24,0.64,0.92,0.24,0.04,7,7,0,4,1,6000,3,78808
0.77,0.51,0.51,0.49,0.3,5,5,2,1,0,3000,1,35569
0.67,0.77,0.86,0.42,0.1,14,7,2,1,2,8000,2,163944
0.33,0.09,0.05,0.79,0.56,14,4,1,4,1,5000,4,104038
0.39,0.12,0.01,0.72,0.06,14,3,2,1,1,6000,1,27215
0.61,0.28,0.93,0.38,0.82,3,7,0,5,0,3000,4,133872
0.96,0.14,0.68,0.91,0.8,7,3,2,5,0,2000,1,30370
0.39,0.55,0.09,0.21,0.74,7,4,1,6,2,3000,2,75195
0.83,0.19,0.18,0.8,0.85,14,7,2,5,0,4000,1,63736
0.73,0.49,0.33,0.13,0.66,3,5,2,1,0,4000,4,179558
0.66,0.69,0.15,0.57,0.81,10,4,0,3,0,10000,2,40115
0.28,0.36,0.68,0.33,0.48,10,5,1,4,2,2000,2,91853
0.84,0.86,0.14,0.54,0.26,3,3,0,5,2,2000,4,99421
0.91,0.55,0.54,1.0,0.47,5,5,1,2,2,8000,3,119325
0.51,0.4,0.5,0.66,0.85,14,4,2,2,1,3000,2,105450
0.87,0.15,0.73,0.94,0.04,10,4,0,3,1,3000,1,15356
0.91,0.36,0.47,0.45,0.05,7,3,2,5,2,10000,3,126282
0.54,0.17,0.65,0.37,0.65,3,10,1,4,0,6000,4,207346
0.79,0.89,0.01,0.88,0.44,5,3,2,6,1,3000,2,64743
0.6,0.82,0.66,0.41,0.33,3,7,2,4,1,3000,2,140808
0.24,0.13,0.59,0.13,0.51,14,4,0,2,1,3000,4,81436
0.02,0.72,0.66,0.28,0.09,10,10,1,4,0,3000,4,166317
0.58,0.77,0.62,0.51,0.17,7,7,2,5,0,3000,4,197520
0.02,0.52,0.91,0.68,0.83,14,3,0,4,2,6000,1,29327
0.75,0.09,0.66,0.9,0.54,3,7,2,4,1,10000,1,81869
0.23,0.8,0.79,0.38,0.59,14,3,1,2,1,5000,2,37333
0.88,0.41,0.19,0.71,0.79,14,10,0,5,0,5000,2,78887
0.36,0.15,0.65,0.25,0.85,10,10,1,5,1,8000,4,285592
0.55,0.56,0.18,0.56,0.48,7,10,1,6,1,8000,2,128920
0.23,0.78,0.95,0.1,0.51,7,10,2,6,2,8000,1,145665
0.64,0.8,0.82,0.47,0.6,3,3,1,2,1,2000,1,23177
0.98,0.61,0.52,0.71,0.6,5,7,1,1,0,10000,3,95566
0.6,0.52,0.23,0.17,0.04,5,3,0,1,1,10000,4,45199
0.41,0.2,0.02,0.7,0.92,14,5,2,5,2,4000,3,268005
0.61,0.19,0.93,0.57,0.26,10,10,0,5,0,6000,3,88064
0.51,0.26,0.54,0.79,0.25,10,7,2,4,0,10000,3,177128
0.46,0.59,0.03,0.12,0.07,5,4,1,4,1,6000,1,23276
0.29,0.4,0.75,0.34,0.55,5,7,1,3,0,6000,3,122348
0.91,0.5,0.2,0.74,0.87,5,4,0,2,2,4000,2,45219
0.92,0.68,0.66,0.61,0.76,14,3,1,3,2,4000,4,121245
0.18,0.76,0.51,0.4,0.75,5,3,2,4,1,6000,1,39223
0.86,0.78,0.46,0.12,0.52,7,3,0,6,0,5000,1,14028
0.86,0.19,0.26,0.27,0.96,7,5,0,4,1,3000,4,118944
0.85,0.28,0.18,0.13,0.58,5,3,2,3,0,6000,4,105313
0.8,0.74,0.47,0.01,0.42,5,10,2,6,1,10000,4,411841
0.86,0.05,0.1,0.16,0.22,7,7,2,1,1,8000,3,190691
0.56,0.93,0.26,0.02,0.12,14,4,2,5,2,8000,2,108630
0.33,0.51,0.77,0.45,0.08,14,5,1,6,0,10000,2,50280
0.63,0.57,0.85,0.07,0.16,5,5,1,6,1,8000,3,104597
0.27,0.44,0.86,0.36,0.59,10,7,0,2,0,3000,2,51644
0.74,0.75,0.21,0.4,0.1,10,10,0,1,1,6000,1,31249
0.16,0.65,0.89,0.31,0.25,7,7,2,2,0,6000,2,99311
0.36,0.92,0.86,0.47,0.87,7,10,1,2,2,6000,2,193773
0.63,0.64,0.56,0.52,0.64,7,5,1,5,0,10000,1,28334
0.41,0.16,0.01,0.52,0.76,5,5,1,4,2,2000,4,208408
0.01,0.43,0.29,0.23,0.01,7,4,1,5,1,5000,2,48307
0.65,0.83,0.22,0.08,0.63,14,10,2,6,1,4000,3,345424
0.07,0.14,0.11,0.46,0.45,14,7,0,3,0,3000,1,18290
0.97,0.28,0.13,0.44,0.01,3,4,0,4,0,4000,4,49788
0.46,0.79,0.33,0.84,0.95,3,5,1,1,2,5000,2,91834
0.38,0.01,0.97,0.71,0.38,10,4,2,1,0,5000,1,33259
0.47,0.68,0.31,0.32,0.63,3,10,2,1,1,5000,3,338215
0.05,0.67,0.97,0.24,0.43,3,4,1,5,0,5000,2,34702
0.78,0.48,0.6,0.37,0.09,5,7,0,6,2,4000,1,32330
0.15,0.54,0.11,0.49,0.32,14,5,1,6,0,2000,4,109275
0.25,0.04,0.71,0.56,0.54,10,4,2,2,2,4000,3,176556
0.87,0.6,0.86,0.16,0.53,10,5,1,5,1,5000,1,41557
0.38,0.19,0.02,0.86,0.78,5,5,2,1,2,6000,4,315418
0.5,0.55,0.61,0.32,0.64,3,3,2,6,0,2000,2,53729
0.11,0.19,0.03,0.64,0.39,10,10,2,6,2,4000,1,133004
0.72,0.01,0.92,0.66,0.93,3,7,2,1,1,6000,4,356095
0.71,0.82,0.27,0.04,0.07,7,3,0,5,0,2000,2,23036
0.19,0.66,0.57,0.95,0.56,14,7,2,1,2,6000,3,304659
0.67,0.88,0.17,0.18,0.4,7,4,2,5,1,4000,3,141828
0.37,0.76,0.43,0.73,0.61,14,10,0,4,2,8000,3,175029
0.96,0.0,0.03,0.28,0.02,5,5,0,3,0,3000,3,48096
0.28,0.55,0.56,0.93,0.15,3,7,1,2,0,4000,3,81996
0.26,0.3,0.57,0.57,0.22,3,5,1,2,1,10000,1,29879
0.04,0.81,0.38,0.78,0.92,7,5,1,4,0,10000,2,76338
0.6,0.01,0.78,0.38,0.3,3,5,2,5,0,4000,2,76580
0.73,0.39,0.45,0.6,0.5,5,7,1,4,0,3000,3,106293
0.75,0.55,0.26,0.4,0.43,5,4,1,5,0,5000,4,98459
0.56,1.0,0.52,0.24,0.27,10,5,2,5,0,2000,4,163745
0.19,0.34,0.66,0.77,0.17,7,10,1,5,0,5000,1,42841
0.69,0.16,0.73,0.09,0.74,5,10,0,3,0,4000,1,36651
0.02,0.21,0.54,0.2,0.52,7,10,1,5,2,3000,1,93765
0.66,0.04,0.17,0.28,0.79,14,5,0,4,2,2000,1,36306
0.66,0.91,0.36,0.11,0.29,10,4,1,5,2,2000,3,112616
0.09,0.2,0.97,0.56,0.71,3,4,2,3,1,5000,4,185702
0.35,0.35,0.63,0.24,0.98,14,5,0,6,1,5000,1,29956
0.15,0.9,0.66,0.09,0.38,14,4,1,2,2,3000,4,129611
0.45,0.13,0.65,0.58,0.68,5,4,1,6,2,6000,2,80695
0.93,0.92,0.32,0.56,0.95,3,4,1,2,2,2000,3,114599
0.44,0.93,0.89,0.93,0.27,5,3,0,2,0,10000,3,34745
0.23,0.23,0.69,0.36,0.69,10,4,2,5,1,8000,3,143852
0.47,0.16,0.23,0.41,0.97,7,7,0,6,2,3000,2,90461
0.95,0.44,0.62,0.69,0.87,5,7,1,1,2,8000,4,242216
0.61,0.74,0.59,0.53,0.88,3,10,0,4,1,10000,1,51070
0.4,0.74,0.56,0.52,0.63,3,4,1,4,1,4000,3,82257
0.29,0.92,0.69,0.9,0.46,10,3,2,5,0,3000,2,56766
0.45,0.18,0.59,0.71,0.2,10,3,1,3,2,8000,2,45419
0.11,0.45,0.36,0.52,0.38,14,10,0,4,2,5000,1,56090
0.34,0.87,0.86,0.16,0.14,3,7,1,3,2,10000,4,197820
0.12,0.13,0.2,0.62,0.25,10,7,1,5,0,6000,4,123140
0.66,0.45,0.44,0.6,0.01,14,5,2,6,2,10000,2,104614
0.06,0.35,0.15,0.03,0.58,14,5,1,1,0,2000,4,93309
0.28,0.66,0.7,0.57,0.56,10,10,1,1,0,10000,3,154069
0.38,0.07,0.43,0.55,0.29,5,3,2,3,1,6000,4,126572
0.21,0.06,0.57,0.98,0.53,3,7,2,6,2,10000,3,334854
0.32,0.53,1.0,0.35,0.13,14,7,2,6,2,5000,4,370505
0.61,0.71,0.98,0.0,0.02,3,4,2,4,1,2000,3,116235
0.64,0.01,0.2,0.28,0.79,7,5,2,5,1,10000,1,62931
0.34,0.72,0.62,0.03,0.18,7,5,2,4,1,10000,1,48259
0.16,0.46,0.87,0.9,0.46,10,3,2,3,2,8000,3,133007
0.21,0.69,0.8,0.89,0.35,5,5,0,3,1,8000,2,47182
0.19,0.12,0.78,0.31,0.86,3,5,1,1,1,3000,3,95838
0.53,0.18,0.37,0.04,0.2,3,7,2,1,1,6000,2,132309
0.48,0.87,0.31,0.33,0.77,3,10,2,2,0,8000,1,95474
0.86,0.12,0.31,0.04,0.85,3,5,1,1,0,6000,3,89292
0.31,0.89,0.32,0.19,0.28,7,7,2,1,1,3000,2,119659
0.96,0.56,0.1,0.54,0.55,7,4,2,3,2,3000,2,112420
0.89,0.54,0.05,0.03,0.9,3,3,1,1,0,5000,4,75446
0.89,0.63,0.69,0.45,0.36,7,4,2,6,2,2000,4,226924
0.81,0.92,0.47,0.46,0.68,10,7,0,2,0,10000,3,68207
0.7,0.67,0.79,0.88,0.45,3,3,1,1,1,5000,4,71504
0.35,0.57,0.51,0.41,0.71,3,5,2,6,0,10000,3,156397
0.59,0.24,0.24,0.16,0.48,3,5,0,6,2,5000,4,142119
0.69,0.17,0.67,0.74,0.71,10,3,2,5,1,4000,1,43563
0.31,0.41,0.6,0.69,0.6,10,5,1,6,2,2000,1,44521
0.58,0.75,0.81,0.76,0.66,10,10,1,4,2,6000,4,326324
0.88,0.3,0.79,0.68,0.92,10,5,0,5,0,6000,4,69631
0.37,0.55,0.05,0.7,0.82,7,3,1,1,0,5000,4,69365
0.38,0.38,0.55,0.66,0.47,5,10,1,3,1,3000,3,159925
0.01,0.65,0.14,0.88,0.66,5,3,0,6,1,10000,4,106893
0.93,0.62,0.45,0.42,0.82,10,5,0,2,1,6000,1,28088
0.73,0.71,0.27,0.93,0.58,3,3,2,4,2,4000,1,52137
0.69,0.14,0.73,0.98,0.98,7,7,2,1,2,6000,1,116353
0.74,0.96,0.08,0.63,0.8,7,10,0,3,2,10000,1,63059
0.91,0.57,0.33,0.35,0.98,7,5,0,1,2,6000,3,99428
0.06,0.47,0.17,0.05,0.99,14,3,1,4,0,3000,1,22581
0.13,0.28,0.86,0.01,0.11,5,10,2,2,2,5000,3,329712
0.78,0.24,0.18,0.53,0.03,3,4,2,2,1,10000,4,142463
0.66,0.73,0.17,0.58,0.84,3,5,0,1,0,5000,4,70141
0.75,0.75,0.53,0.38,0.71,10,5,0,5,1,2000,3,93364
0.68,0.96,0.68,0.04,0.92,7,7,2,6,1,4000,3,249870
0.65,0.39,0.77,0.75,0.73,14,4,2,3,2,8000,2,123070
0.67,0.83,0.01,0.1,0.1,10,5,0,6,1,4000,2,30448
0.09,0.94,0.66,0.84,0.95,3,3,0,5,0,5000,2,28265
0.25,0.47,0.94,0.64,0.92,7,7,2,6,1,4000,2,180867
0.78,0.38,0.33,0.06,0.96,7,4,1,1,1,3000,4,122951
0.11,0.54,0.43,0.61,0.11,10,5,0,1,0,2000,3,38589
0.9,0.15,0.64,0.93,0.66,7,4,2,3,1,6000,1,52890
0.77,0.48,0.4,0.73,0.81,3,10,0,1,1,8000,4,191700
0.94,0.36,0.68,0.4,0.63,3,5,2,3,0,10000,4,191383
0.2,0.55,0.97,0.66,0.3,10,3,2,6,1,5000,1,38192
0.19,0.04,0.03,1.0,0.24,10,3,2,6,1,5000,4,108466
0.06,0.79,0.04,0.12,0.81,14,7,2,5,0,8000,2,127742
0.14,0.65,0.47,0.92,0.05,5,3,0,6,0,4000,1,12581
0.84,0.06,0.82,0.11,0.59,14,4,0,2,1,4000,4,70083
0.68,0.55,0.32,0.96,0.21,3,10,0,3,0,2000,3,78471
0.7,0.55,0.44,0.93,0.04,3,10,1,2,0,5000,1,31070
0.93,0.71,0.59,0.28,0.69,10,4,0,2,2,4000,4,101172
0.17,0.69,0.6,0.72,0.61,3,5,1,4,0,6000,2,48745
0.98,0.62,0.86,0.99,0.51,10,4,1,1,0,2000,2,41160
0.18,0.67,0.04,0.64,0.29,10,5,1,5,1,2000,1,33754
0.54,0.16,0.03,0.51,0.07,5,7,2,5,1,5000,2,146199
0.33,0.78,0.33,0.1,0.74,5,7,0,1,1,6000,4,110437
0.22,0.61,0.18,0.37,0.46,5,5,1,2,1,3000,1,31546
0.28,0.11,0.47,0.42,0.76,5,5,2,2,2,6000,2,166486
0.23,0.41,0.52,0.86,0.22,10,7,1,1,2,5000,2,92594
0.58,0.89,0.59,0.15,0.57,3,7,0,1,1,8000,1,29915
0.48,0.8,0.82,0.45,0.24,14,3,2,6,1,3000,2,64065
0.65,0.09,0.48,0.3,0.7,14,10,0,4,1,10000,2,91044
0.79,0.37,0.46,0.63,0.86,3,7,2,3,2,2000,3,336306
0.95,0.54,0.79,0.79,0.08,7,3,2,6,1,2000,1,30930
0.62,0.37,0.18,0.56,0.07,5,4,1,2,2,2000,4,128909
0.96,0.21,0.75,0.23,0.35,7,10,2,4,1,2000,1,99594
0.49,0.53,0.12,0.71,0.68,14,5,1,5,1,10000,1,33290
0.08,0.9,0.29,0.96,0.11,7,3,2,2,1,3000,2,56806
0.29,0.97,0.54,0.13,0.35,10,3,1,2,0,2000,2,31910
0.41,0.34,0.65,0.33,0.59,14,10,1,4,1,6000,2,125737
0.79,0.23,0.37,0.29,0.85,5,5,1,4,0,6000,2,66517
0.18,0.18,0.71,0.9,0.79,5,4,0,1,1,6000,2,33136
0.18,0.56,0.03,0.32,0.34,7,7,2,2,2,4000,1,92682
0.5,0.15,0.46,0.32,0.0,14,10,1,6,2,4000,4,286698
0.15,0.57,0.91,0.44,0.69,10,3,0,6,2,2000,3,58590
0.84,0.45,0.09,0.06,0.64,14,10,0,3,0,2000,1,38232
0.67,0.09,0.51,0.19,0.32,14,10,0,6,1,5000,2,89321
0.39,0.01,0.34,0.31,0.45,14,3,0,6,1,8000,4,89270
0.16,0.73,0.9,0.73,0.41,14,10,0,2,0,4000,4,108831
0.93,0.59,0.38,0.01,0.64,7,7,0,5,1,8000,2,62650
0.38,0.55,0.04,0.83,0.83,7,7,2,6,1,3000,1,85640
0.26,0.96,0.83,0.47,0.65,7,7,0,4,2,8000,2,71989
0.28,0.99,0.07,0.75,0.58,14,7,1,6,2,5000,1,67719
0.58,0.85,0.16,0.06,0.32,5,5,0,1,1,4000,4,66790
0.29,0.53,0.94,0.51,0.77,5,3,2,2,2,4000,3,162688
0.3,0.69,0.69,0.1,0.58,5,3,0,5,1,4000,4,74848
0.91,0.1,0.15,0.22,0.19,14,10,2,5,2,8000,1,130483
0.08,0.82,0.92,0.48,0.31,7,4,1,5,2,10000,3,102039
0.03,0.81,0.22,0.86,0.14,5,5,0,2,0,2000,4,47834
0.02,0.48,0.43,0.2,0.03,14,10,0,4,0,4000,1,25815
0.01,0.1,0.12,0.6,0.59,5,4,2,3,0,2000,2,78968
0.58,0.35,0.86,0.78,0.61,14,10,0,1,2,10000,1,51767
0.19,0.28,0.9,0.54,0.97,3,4,2,6,1,4000,2,125063
0.11,0.83,0.98,0.42,0.51,10,3,1,1,1,2000,2,38543
0.29,0.72,0.08,0.49,0.38,10,10,2,3,2,10000,4,533633
0.29,0.86,0.19,0.07,0.84,10,5,0,1,2,5000,1,30674
0.66,0.09,0.14,0.4,0.59,3,4,0,3,0,4000,2,30436
0.23,0.42,0.5,0.76,0.77,14,5,2,4,1,5000,4,251861
0.15,0.45,0.12,0.49,0.23,5,3,0,6,0,10000,1,14032
0.97,0.38,0.68,0.15,0.62,3,3,2,5,1,10000,4,144200
0.5,0.5,0.54,0.81,0.54,3,3,1,1,1,5000,3,56991
0.04,0.18,0.66,0.78,0.88,5,7,1,2,1,8000,4,183112
0.68,0.66,0.69,0.57,0.48,5,10,0,4,1,5000,4,193289
0.77,0.28,0.06,0.59,0.13,7,5,2,5,0,10000,3,109560
0.35,0.36,0.35,0.66,0.25,7,10,0,6,0,10000,3,79583
0.02,0.33,0.46,0.86,0.57,10,5,0,6,1,6000,1,25672
0.39,0.57,0.81,0.1,0.68,7,7,2,6,1,3000,3,247471
0.5,0.85,0.79,0.84,0.54,7,5,0,3,2,5000,2,57711
0.84,0.09,0.34,0.07,0.8,10,7,0,3,0,8000,3,77677
0.66,0.31,0.41,0.25,0.52,14,4,0,6,2,6000,2,62495
0.66,0.82,0.94,0.27,0.64,14,7,2,6,2,2000,2,211306
0.24,0.75,0.77,0.84,0.41,3,4,1,3,1,8000,2,55061
0.24,0.24,0.15,0.03,0.8,7,7,1,5,1,5000,1,44016
0.14,0.26,0.8,0.66,0.18,3,7,0,1,0,4000,3,63175
0.36,0.66,0.09,0.94,0.72,5,4,0,5,2,6000,1,36310
0.58,0.78,0.53,0.5,0.09,14,3,1,3,2,8000,4,102898
0.42,0.14,0.18,0.97,0.44,7,10,0,4,2,4000,1,56197
0.47,0.25,0.28,0.78,0.14,10,5,1,1,2,6000,1,39152
0.94,0.69,0.79,0.24,0.55,7,5,2,1,2,10000,2,133186
0.91,0.39,0.98,0.26,0.09,5,5,0,2,1,8000,3,62953
0.79,0.27,0.08,0.78,0.49,10,5,2,4,0,10000,2,91122
0.07,0.42,0.73,0.55,0.33,3,3,2,6,0,8000,4,127864
0.0,0.2,0.31,0.58,0.11,5,10,2,6,0,10000,4,304374
0.48,0.74,0.26,0.69,0.83,7,4,0,4,1,3000,4,89998
0.02,0.02,0.56,0.61,0.23,3,7,0,3,2,10000,2,66964
0.43,0.26,0.09,0.37,0.95,3,3,2,5,1,10000,4,201190
0.12,0.71,0.19,0.86,0.78,7,7,1,2,1,10000,2,96841
0.28,0.68,0.42,0.41,0.15,7,5,0,5,1,3000,3,78122
0.46,0.01,0.13,0.32,0.69,5,7,2,4,2,6000,3,294381
0.06,0.33,0.23,0.91,1.0,14,3,0,3,2,6000,4,91990
0.37,0.97,0.56,0.58,0.26,14,7,1,4,0,2000,3,106785
0.14,0.12,0.04,0.13,0.87,7,5,1,3,1,6000,3,110238
0.89,0.32,0.99,0.76,0.15,10,3,0,2,0,3000,2,16419
0.16,0.47,0.12,0.9,0.49,10,5,2,5,1,5000,4,236868
0.15,0.35,0.2,0.28,0.83,14,5,2,6,2,3000,1,88328
0.42,0.08,0.77,0.68,0.89,3,5,2,6,0,5000,3,164865
0.32,0.03,0.46,0.71,0.48,7,10,2,1,1,2000,4,450189
0.91,0.8,0.13,0.86,0.8,7,5,0,6,0,6000,4,74615
0.18,0.97,0.87,0.09,0.85,5,7,1,3,2,10000,2,121313
0.8,0.74,0.92,0.9,0.6,7,3,1,5,0,5000,4,75602
0.56,0.42,0.76,0.81,0.61,10,7,0,1,2,4000,4,146789
0.69,0.16,0.5,0.63,0.52,7,7,1,1,1,4000,2,97445
0.3,0.25,0.43,0.57,0.55,3,10,0,5,1,5000,1,53198
0.57,0.25,0.25,0.08,0.5,3,7,0,2,1,2000,1,32026
0.31,0.72,0.76,0.45,0.81,7,4,0,2,0,8000,3,43166
0.53,0.01,0.12,0.17,0.48,10,10,2,4,1,6000,3,358625
0.69,0.39,0.3,0.13,0.01,3,3,2,2,0,3000,4,85267
0.24,0.84,0.86,0.54,0.09,10,4,1,4,0,2000,2,37479
0.96,0.47,0.86,0.59,0.2,14,7,0,3,0,2000,4,93874
0.58,0.73,1.0,0.04,0.4,14,10,2,5,2,10000,4,544677
0.53,0.42,0.32,0.06,0.89,10,7,0,4,2,8000,3,160003
0.02,0.29,0.19,0.34,0.23,5,10,2,3,2,10000,4,487514
0.71,0.96,0.83,0.67,0.73,10,4,2,2,1,8000,1,47842
0.17,0.16,0.49,0.79,0.94,10,5,0,2,2,2000,1,29143
0.68,0.17,0.86,0.5,0.81,7,7,0,5,0,2000,2,54153
0.78,0.77,0.77,0.56,0.9,14,10,2,1,2,2000,4,670432
0.84,0.11,0.11,0.61,0.78,3,10,0,5,0,3000,1,33448
0.73,0.71,0.76,0.5,0.87,5,5,1,2,0,10000,2,60776
0.77,0.25,0.81,0.34,0.51,3,5,1,6,1,4000,2,67739
0.79,0.14,0.43,0.92,0.9,14,5,0,4,0,10000,1,27562
0.07,0.34,0.4,0.77,0.43,10,3,2,6,0,6000,1,33741
0.66,0.52,0.3,0.4,0.68,14,5,2,6,1,4000,1,69061
0.53,0.92,0.7,0.45,0.21,14,10,2,6,1,8000,3,316097
0.78,0.88,0.08,0.54,0.39,5,10,2,3,0,2000,3,249678
0.64,0.02,0.89,0.54,0.26,7,7,2,1,2,2000,3,269539
0.35,0.05,0.65,0.12,0.3,3,7,1,2,2,6000,2,95333
0.67,0.82,0.57,0.14,0.38,5,3,1,5,2,3000,3,76854
0.71,0.83,0.08,0.06,0.89,10,4,1,1,1,8000,4,121167
0.78,0.87,0.58,0.64,1.0,10,7,0,2,2,3000,4,177808
0.97,0.51,0.53,0.69,0.46,3,4,2,3,0,6000,4,126188
0.57,0.04,0.15,0.37,0.99,7,5,1,1,0,3000,4,116993
0.28,0.18,0.74,0.0,0.55,3,3,1,4,2,4000,4,112646
0.83,0.83,0.13,0.14,0.64,10,7,0,6,1,2000,4,142927
0.4,0.54,0.96,0.89,0.74,3,4,2,1,2,8000,3,184812
0.64,0.09,0.96,0.54,0.76,14,10,0,4,2,2000,1,63610
0.96,0.27,0.21,0.83,0.84,14,7,0,5,2,4000,4,172460
0.86,0.02,0.44,0.41,0.86,7,7,1,1,0,2000,2,65438
0.26,0.09,0.31,0.41,0.17,14,5,0,1,2,2000,3,54985
0.14,0.89,0.26,0.94,0.9,3,4,0,5,2,3000,4,135195
0.95,0.27,0.32,0.55,0.07,3,7,2,2,0,4000,1,51156
0.79,0.3,0.41,0.08,0.64,5,4,1,5,0,10000,2,54749
0.91,0.45,0.0,0.46,0.83,7,4,0,1,1,4000,3,55151
0.84,0.21,0.84,0.28,0.16,14,10,0,3,0,5000,1,28532
0.56,0.28,0.43,0.61,0.96,7,5,2,3,2,5000,3,257819
0.34,0.46,0.6,0.02,0.69,3,10,1,1,0,8000,2,114806
0.7,0.49,0.39,0.08,0.88,3,10,0,6,1,8000,1,54491
0.6,0.39,0.84,0.81,0.98,3,7,1,2,1,2000,2,97395
0.28,0.92,0.36,0.09,0.61,7,4,0,4,1,2000,3,74829
0.61,0.01,0.98,0.64,0.11,7,10,2,4,0,6000,2,155382
0.68,0.57,0.07,0.13,0.07,7,10,0,5,2,10000,3,137467
0.99,0.69,0.53,0.25,0.56,10,3,1,6,2,8000,1,32631
1.0,0.27,0.68,0.47,0.36,3,4,0,3,1,6000,4,54695
0.19,0.08,0.57,0.03,0.74,10,3,0,2,0,4000,3,37146
0.1,0.48,0.81,0.59,0.63,7,5,0,1,1,3000,3,59919
0.79,0.94,0.78,0.62,0.76,10,10,0,1,0,2000,4,144141
0.78,0.06,0.8,0.05,0.61,10,3,0,6,0,6000,1,13775
0.1,0.75,0.23,0.6,0.66,3,7,1,4,1,6000,1,54828
0.68,0.03,0.52,0.59,0.11,3,10,2,1,2,10000,2,220697
0.51,0.36,0.48,0.62,0.19,5,3,0,2,1,6000,4,57879
0.36,0.58,0.54,0.15,0.47,14,5,1,3,0,6000,2,45489
0.82,0.56,0.05,0.34,0.98,5,3,1,2,2,5000,4,135292
0.85,0.57,0.34,0.3,0.33,3,7,0,4,0,2000,2,46245
0.62,0.24,0.73,0.95,0.33,10,4,1,2,0,4000,1,16365
0.55,0.14,0.44,0.63,0.91,7,3,0,2,0,4000,2,23861
0.17,0.85,0.25,0.2,0.18,7,3,0,6,0,5000,1,10941
0.46,0.37,0.37,0.17,0.53,14,7,2,1,0,3000,2,111749
0.53,0.69,0.32,0.43,0.64,3,10,2,2,2,4000,2,267811
0.63,0.28,0.13,0.51,0.58,10,4,2,1,1,10000,1,43750
0.75,0.65,0.51,0.5,0.46,7,5,2,6,1,8000,4,229626
0.4,0.92,0.58,0.04,0.22,5,7,0,4,0,4000,4,88368
0.94,0.37,0.55,0.13,0.08,10,10,1,2,2,2000,4,276275
0.43,0.47,0.41,0.8,0.32,10,3,0,4,0,4000,1,9686
0.84,0.51,0.64,0.79,0.93,3,3,0,3,0,6000,2,25742
0.33,0.3,0.82,0.68,0.27,14,4,2,6,2,4000,1,60042
0.82,0.78,0.4,0.41,0.58,3,7,2,5,0,10000,4,248532
0.75,0.47,0.52,0.79,0.76,10,5,0,3,0,5000,4,75873
0.85,0.03,0.14,0.87,0.31,3,7,2,3,1,3000,4,302077
0.4,0.78,0.54,0.33,0.02,3,4,0,3,2,8000,4,78973
0.39,0.53,0.19,0.11,0.57,10,5,0,2,0,8000,2,38438
0.49,0.19,0.07,0.96,0.28,5,5,2,5,0,5000,1,40587
0.17,0.86,0.41,0.16,0.11,14,7,1,6,0,5000,2,54099
0.43,0.71,0.47,0.6,0.94,14,4,2,6,2,5000,3,187684
0.45,0.82,0.6,0.25,0.33,14,7,1,4,2,2000,1,61344
0.92,0.35,0.84,0.79,0.39,5,7,0,2,2,8000,4,159113
0.66,0.7,0.1,0.7,0.04,5,5,2,5,1,8000,1,52856
0.9,0.91,0.41,0.76,0.12,7,3,0,5,1,5000,4,43661
0.51,0.46,0.07,0.69,0.75,10,5,2,4,0,5000,1,43501
0.71,0.14,0.67,0.46,0.46,3,10,2,2,2,5000,2,273359
0.16,0.84,0.61,0.18,0.12,10,4,0,6,0,8000,3,38172
0.18,0.71,0.89,0.53,0.44,3,10,2,6,2,8000,1,144483
0.44,0.6,0.05,0.38,0.2,5,5,0,2,0,2000,4,42476
0.82,0.68,0.06,0.96,0.1,5,4,0,4,2,2000,3,68822
0.19,0.21,0.54,0.94,0.12,5,3,1,3,0,2000,4,55341
0.39,0.46,0.07,0.82,0.65,7,3,0,2,1,4000,4,61649
0.79,0.92,0.57,0.25,0.09,7,7,2,6,0,4000,2,113344
0.98,0.67,0.07,0.02,0.91,10,7,2,6,2,3000,1,109516
0.76,0.12,0.24,0.43,0.24,3,3,0,3,1,4000,2,21977
0.64,0.24,0.73,0.99,0.44,7,4,1,3,2,10000,1,35711
0.81,0.75,0.23,0.73,0.34,5,10,0,6,0,10000,2,71001
0.32,0.44,0.01,0.87,0.07,5,3,2,2,0,3000,1,22279
0.83,0.93,0.24,0.08,0.72,7,4,2,2,0,5000,2,73733
0.29,0.45,0.64,0.27,0.78,3,5,1,4,0,5000,4,126145
0.73,0.76,0.82,0.79,0.02,10,7,0,3,2,6000,2,70303
0.26,0.46,0.45,0.38,0.61,3,5,0,6,1,3000,2,34938
0.86,0.73,0.37,0.4,0.42,10,5,1,4,1,8000,1,31128
0.12,0.93,0.16,0.76,0.96,7,10,2,4,2,8000,3,483665
0.39,0.42,0.25,0.48,0.92,7,3,2,6,2,3000,3,190990
0.68,0.25,0.6,0.95,0.84,3,3,0,6,2,5000,4,145122
0.9,0.52,0.19,0.42,0.83,7,5,2,5,2,5000,3,274048
0.88,0.73,0.09,0.64,0.78,7,4,1,6,0,8000,4,110061
0.99,0.82,0.0,0.07,0.7,14,7,2,3,2,5000,2,201283
0.7,0.2,0.18,0.95,0.45,5,4,0,1,2,3000,2,40724
0.63,0.62,0.87,0.17,0.29,10,3,1,1,1,2000,2,36312
0.76,0.01,0.27,0.96,0.67,3,3,0,5,0,5000,3,49231
0.34,0.43,0.37,0.89,1.0,5,5,2,4,1,6000,1,67945
0.1,0.46,0.7,0.73,0.89,5,3,2,1,2,4000,2,98367
0.69,0.87,0.51,0.66,0.0,7,3,2,3,0,10000,3,68175
0.61,0.4,0.61,0.08,0.43,10,3,2,4,1,6000,2,73057
0.52,0.57,0.86,0.5,0.13,3,5,2,5,1,3000,4,190865
0.54,0.24,0.17,0.94,0.7,3,7,2,1,0,4000,4,243516
0.72,0.67,0.95,0.67,0.67,14,7,0,6,1,10000,2,75712
0.64,0.38,0.72,0.74,0.38,14,7,0,2,1,2000,3,59093
0.34,0.59,0.19,0.94,0.57,5,5,1,5,2,2000,3,133947
0.19,0.39,0.42,0.77,0.8,5,10,2,5,2,3000,1,147398
0.85,0.32,0.82,0.3,0.22,10,4,2,3,0,8000,1,31585
0.5,0.69,0.27,0.85,0.57,5,7,1,6,1,2000,3,144781
0.85,0.93,0.23,0.74,0.92,5,7,2,4,1,10000,2,175286
0.34,0.68,0.99,0.76,0.39,14,5,1,6,0,8000,4,87153
0.75,0.58,0.81,0.85,0.71,10,4,2,2,1,8000,4,172711
0.22,0.75,0.74,0.01,0.73,14,3,2,2,1,5000,2,64449
0.97,0.18,0.05,0.98,0.65,14,7,0,6,2,5000,2,63765
0.4,0.3,0.6,0.17,0.75,3,7,2,4,1,8000,4,300181
0.12,0.12,0.64,0.91,0.22,14,10,2,4,1,8000,1,99184
0.38,1.0,0.7,0.3,0.13,7,3,2,5,0,5000,1,26210
0.54,0.81,0.49,0.52,0.58,3,4,2,1,0,10000,2,70476
0.8,0.12,0.13,0.21,0.16,14,5,0,1,0,6000,3,41449
0.42,0.95,0.0,0.3,0.95,14,5,2,5,1,3000,4,280792
0.91,1.0,0.61,0.51,0.69,3,4,0,2,0,4000,2,31574
0.22,0.36,0.13,0.62,0.07,7,5,1,6,0,5000,4,83144
0.43,0.69,0.54,0.07,0.73,5,5,2,6,2,10000,2,156550
0.99,0.43,0.03,0.6,0.08,3,10,0,6,2,5000,1,48524
0.36,0.33,0.27,0.87,0.23,3,3,1,2,1,2000,1,18096
0.88,0.59,0.81,0.1,0.35,14,5,2,3,2,2000,1,67267
0.75,0.18,0.81,0.68,0.79,14,10,1,4,2,3000,3,285456
0.71,0.66,0.14,0.57,0.27,7,4,2,5,1,8000,4,161297
0.8,0.5,0.28,0.43,0.94,5,5,2,1,1,5000,3,184810
0.08,0.24,0.09,0.58,0.08,7,10,1,1,1,8000,2,102738
0.69,0.68,0.53,0.12,0.01,5,3,2,4,2,6000,3,116584
0.92,1.0,0.94,0.68,0.04,10,4,2,5,0,3000,1,29017
0.35,0.05,0.5,0.17,0.97,7,4,2,1,1,4000,4,189799
0.0,0.63,0.39,0.92,0.93,14,3,1,5,1,2000,3,71209
0.33,0.35,0.01,0.89,0.19,7,3,0,4,1,3000,1,16601
0.15,0.12,0.49,0.16,0.66,5,7,1,3,1,4000,4,200125
0.27,0.99,0.66,0.44,0.14,10,3,1,6,0,2000,2,26641
0.39,0.74,0.9,0.16,0.2,10,5,0,4,1,6000,4,108722
0.13,0.75,0.78,0.4,0.73,10,4,0,1,0,3000,2,26473
0.77,0.24,0.68,0.34,0.98,3,7,1,3,1,5000,1,53629
0.62,0.73,0.19,0.28,0.12,7,4,2,4,0,5000,1,34582
0.61,0.19,0.85,0.63,0.15,3,4,1,1,1,3000,2,37566
0.2,0.86,0.38,0.52,0.7,5,4,1,4,1,2000,4,112907
0.11,0.36,0.94,0.71,0.25,3,4,0,1,0,8000,3,32404
0.28,0.61,0.43,0.25,0.49,7,5,0,1,2,2000,2,54285
0.81,0.74,0.59,0.6,0.24,7,4,2,4,0,2000,2,68491
0.04,0.97,0.88,0.82,0.19,10,3,0,5,2,4000,3,74050
0.2,0.72,0.04,0.19,0.55,7,10,1,3,1,8000,1,55996
0.42,0.93,0.5,0.02,0.6,5,5,0,5,0,10000,2,46891
0.68,0.87,0.97,0.17,0.75,10,10,1,4,2,4000,2,141295
0.57,0.59,0.01,0.93,0.51,14,10,1,3,0,4000,3,128841
0.22,0.53,0.29,0.64,0.94,7,4,1,1,2,3000,2,62209
0.65,0.63,0.97,0.32,0.95,14,5,2,2,1,6000,3,179524
0.82,0.82,0.22,0.97,0.18,3,10,2,5,0,8000,4,313543
0.63,0.6,0.21,0.44,0.32,5,10,2,4,0,5000,2,172958
0.37,0.9,0.09,0.18,0.19,5,4,2,4,2,3000,3,138623
0.89,0.82,0.69,0.19,0.14,10,4,1,6,1,2000,2,53571
0.1,0.38,0.11,0.01,0.83,3,4,0,1,1,3000,1,18019
0.79,0.54,0.82,0.85,0.08,5,7,2,4,0,4000,3,143919
0.06,0.69,0.63,0.12,0.82,3,10,1,1,2,10000,4,322314
0.22,0.23,0.39,0.35,0.29,10,3,1,2,0,3000,1,12956
0.62,0.12,0.92,0.92,0.9,14,4,0,4,2,4000,2,62901
0.89,0.69,0.62,0.29,0.88,7,7,2,3,1,10000,1,86338
0.93,0.15,0.66,0.32,0.39,10,3,0,5,1,8000,3,34487
0.99,0.18,0.39,0.32,0.42,10,10,2,3,0,10000,2,166406
0.5,0.53,0.53,0.82,0.38,14,7,2,5,2,10000,2,184701
0.36,0.2,0.85,0.36,0.47,5,3,0,3,1,10000,2,26628
0.84,0.55,0.93,0.42,0.21,5,3,2,2,0,8000,2,44470
0.96,0.37,0.7,0.66,0.07,14,4,0,2,1,3000,1,10166
0.57,0.81,0.15,0.18,0.74,14,5,1,4,2,4000,4,229421
0.01,0.11,0.06,0.64,0.6,5,10,0,1,1,10000,4,173313
0.71,0.26,0.57,0.31,0.23,5,5,0,5,1,3000,2,44100
0.22,0.18,0.75,0.56,0.84,10,7,1,6,2,5000,4,247234
0.37,0.42,0.27,0.1,0.36,7,3,0,3,0,6000,1,9010
0.01,0.91,0.19,0.2,0.93,5,5,0,5,2,2000,4,100953
0.09,0.31,0.98,0.75,0.96,14,4,1,4,2,4000,2,95048
0.33,0.9,0.5,0.5,0.78,3,10,1,4,2,10000,1,77232
0.68,0.08,0.63,0.95,0.23,5,4,2,2,2,6000,3,142255
0.29,0.62,0.94,0.04,0.71,10,4,0,5,2,2000,2,68997
0.1,0.01,0.77,0.31,0.87,3,7,0,4,1,3000,3,79194
0.58,0.35,0.07,0.71,0.46,10,5,1,6,0,2000,4,103598
0.29,0.41,0.62,0.68,0.44,14,10,1,3,0,8000,4,190227
0.88,0.99,0.04,0.98,0.06,5,10,0,2,0,4000,4,110740
0.85,0.22,0.87,0.67,0.35,10,10,1,1,0,3000,1,42880
0.4,0.06,0.34,0.6,0.21,10,3,1,4,0,6000,2,30278
0.21,0.57,0.99,0.77,0.06,7,7,1,2,0,3000,1,31665
0.27,0.64,0.08,0.07,0.41,7,7,1,5,0,8000,3,84002
0.89,0.43,0.96,0.3,0.2,10,7,1,5,2,10000,2,111949
0.91,0.57,0.82,0.56,0.89,5,3,2,6,2,6000,2,118381
0.94,0.74,0.74,0.32,0.15,10,4,1,3,0,10000,4,76323
0.0,0.45,0.83,0.13,0.45,14,3,0,2,2,3000,4,85011
0.17,0.38,0.35,0.95,0.97,14,3,1,3,0,4000,3,58155
0.5,1.0,0.41,0.35,0.83,10,10,1,1,0,5000,4,200478
0.59,0.54,0.38,0.85,0.69,10,5,2,5,0,2000,1,46608
0.62,0.41,0.5,0.75,0.93,3,7,2,5,0,8000,3,206549
0.78,0.55,0.11,0.86,0.95,7,7,1,6,2,10000,4,272186
0.22,0.28,0.88,0.26,0.84,10,4,0,4,0,2000,1,17230
0.82,0.82,0.6,0.34,0.96,10,4,2,4,0,6000,4,180665
0.93,0.43,0.94,0.39,0.73,10,5,2,2,1,3000,1,57196
0.12,0.58,0.39,0.76,0.92,14,4,1,2,0,2000,1,21541
0.77,0.15,0.62,0.54,0.97,14,7,0,6,2,3000,4,257710
0.36,0.24,0.9,0.3,0.54,5,7,1,6,0,4000,1,35936
0.64,0.58,0.1,0.46,0.6,3,4,1,3,0,2000,1,23821
0.84,0.39,0.49,0.02,0.07,3,4,2,4,1,4000,4,151928
0.3,0.9,0.66,0.63,0.85,3,5,1,4,2,6000,1,50582
0.25,0.12,0.61,0.54,0.52,5,4,1,1,0,2000,3,50133
0.73,0.94,0.27,0.48,0.95,7,10,2,3,1,8000,4,536942
0.4,0.19,0.17,0.69,0.89,7,7,0,5,2,4000,2,110933
0.72,0.43,0.45,0.6,0.27,7,10,0,5,1,5000,2,78714
0.9,0.82,0.45,0.89,0.96,7,10,1,3,2,10000,3,231457
0.18,0.32,0.79,0.36,0.07,7,5,0,3,0,2000,3,42539
0.33,0.47,0.8,0.9,0.56,10,5,2,2,2,3000,1,72425
0.61,0.88,0.86,0.07,0.89,10,7,1,3,0,3000,1,44368
0.05,0.27,0.12,0.45,0.6,14,7,0,5,0,4000,1,28180
0.91,0.28,0.84,0.4,0.9,14,3,1,6,0,2000,4,78820
0.3,0.32,0.35,0.08,0.77,10,10,0,4,1,8000,4,236048
0.91,0.84,0.94,0.1,0.22,3,4,0,3,2,8000,4,64835
0.19,0.9,0.37,0.9,0.99,3,5,0,1,0,4000,1,19356
0.61,0.81,0.27,0.17,0.14,10,3,0,3,0,10000,4,46864
0.12,0.53,0.58,0.66,0.98,7,7,0,1,1,10000,3,82126
0.56,0.87,0.66,0.74,0.21,3,3,1,1,0,2000,2,25032
0.49,0.34,0.81,0.76,0.51,7,5,2,4,2,3000,1,70734
0.36,0.98,0.87,0.51,0.78,5,3,1,4,0,8000,3,63306
0.15,0.88,0.75,0.24,0.89,5,5,0,4,2,6000,4,119622
0.93,0.08,0.43,0.15,0.5,14,5,0,4,1,4000,1,22695
0.73,0.42,0.29,0.4,0.59,14,10,1,5,1,2000,1,70463
0.11,0.12,0.9,0.58,0.24,14,3,1,2,2,8000,4,85845
0.22,0.82,0.69,0.5,0.17,5,5,2,3,2,6000,3,172360
0.19,0.91,0.62,0.74,0.85,5,4,1,6,0,3000,2,51414
0.96,0.67,0.43,0.02,0.97,3,4,2,1,2,4000,4,244027
0.87,0.47,0.05,0.02,0.68,7,4,2,5,0,10000,2,79947
0.3,0.74,0.45,0.73,0.99,7,7,1,3,1,2000,3,167965
0.89,0.77,0.86,0.9,0.6,3,5,2,5,2,8000,1,76509
0.22,0.99,0.36,0.03,0.58,10,5,0,6,0,3000,4,93104
0.27,0.63,0.54,0.91,0.99,14,4,1,6,1,4000,4,164186
0.99,0.31,0.04,0.52,0.34,14,3,1,4,2,10000,3,75603
0.01,0.93,0.15,0.68,0.52,7,10,2,6,0,4000,4,338171
0.29,0.45,0.22,0.83,0.12,10,5,0,4,1,8000,1,14740
0.35,0.28,0.86,0.67,0.77,5,3,2,3,0,8000,2,65533
0.08,0.22,0.47,0.35,0.81,10,7,1,1,1,4000,3,146189
0.68,0.32,0.58,0.68,0.2,5,7,2,2,1,4000,1,70029
0.63,0.55,0.38,0.88,0.44,5,10,1,6,1,6000,3,187901
0.47,0.96,0.46,0.91,0.03,10,3,0,5,1,10000,2,31229
0.13,0.54,0.57,0.29,0.76,10,4,1,6,0,5000,4,75538
0.27,0.99,0.11,0.59,0.82,14,7,2,3,0,2000,1,67532
0.14,0.74,0.5,0.22,0.68,5,5,2,3,2,2000,4,322178
0.11,0.0,0.6,0.12,0.1,5,3,1,1,2,5000,4,68057
0.4,0.98,0.82,0.84,0.55,14,7,2,5,0,5000,2,118550
0.14,0.74,0.24,0.51,0.7,5,7,1,3,1,8000,1,49366
0.67,0.39,0.7,0.11,0.42,10,4,0,3,1,2000,4,65661
0.03,0.65,0.66,0.44,0.91,7,4,1,6,1,4000,1,31102
0.86,0.5,0.35,0.71,0.39,3,4,2,2,1,8000,3,137245
0.79,0.28,0.76,0.3,0.39,10,7,1,5,2,3000,3,173911
0.59,0.58,0.58,0.83,0.07,3,4,0,1,2,2000,4,72829
0.76,0.98,0.81,0.73,0.24,5,7,1,1,0,6000,3,83080
0.75,0.44,0.37,0.63,0.03,5,5,0,6,1,5000,2,50100
0.2,0.25,0.44,0.29,0.2,5,7,2,2,0,6000,1,53817
0.2,0.81,0.89,0.36,0.41,14,3,1,2,2,8000,4,89739
0.83,0.5,0.36,0.9,0.85,3,7,1,6,1,10000,1,48244
0.78,0.3,0.12,0.23,0.6,7,3,0,3,1,5000,3,39808
0.29,0.53,0.24,0.52,0.61,7,7,2,1,2,8000,1,105799
0.92,0.26,0.03,0.34,0.26,7,3,0,2,2,10000,3,63735
0.88,0.24,0.07,0.95,0.9,3,5,0,4,2,8000,1,42165
0.13,0.72,0.1,0.5,0.23,7,7,1,3,0,2000,1,27969
0.61,0.38,0.68,0.02,0.48,10,7,2,2,1,8000,4,272403
0.44,0.9,0.98,0.37,0.19,10,3,0,2,0,6000,1,9713
0.75,0.81,0.54,0.05,0.8,5,3,0,1,0,5000,2,17217
0.35,0.66,0.24,0.29,0.61,10,3,2,1,0,4000,2,58298
0.81,0.9,0.86,0.44,0.3,7,10,1,6,0,6000,3,155769
0.5,0.05,0.9,0.71,0.62,7,3,0,2,2,3000,3,62039
0.12,0.72,0.79,0.04,0.24,10,7,0,1,1,10000,1,23788
0.38,0.83,0.08,0.28,0.61,10,3,1,4,1,2000,2,40248
0.66,0.53,0.66,0.03,0.76,3,10,1,3,2,3000,1,102392
0.62,0.87,0.78,0.93,0.75,3,10,1,6,2,4000,4,406623
0.57,0.52,0.16,0.38,0.75,5,4,0,3,2,4000,1,25861
0.34,0.39,0.62,0.36,0.66,14,3,0,3,2,8000,3,51799
0.46,0.44,0.47,0.97,0.48,14,4,1,1,2,2000,3,98070
0.95,0.44,0.26,0.79,0.26,10,4,0,6,0,3000,1,13214
0.04,0.68,0.86,0.58,0.04,5,3,2,3,1,2000,3,87555
0.6,0.35,0.08,0.44,0.51,5,4,1,5,1,10000,4,109355
0.88,0.14,0.33,0.79,0.33,10,5,1,3,2,2000,2,66885
0.93,0.91,0.03,0.61,0.81,14,10,2,6,1,3000,4,478095
0.73,0.38,1.0,0.08,0.08,5,10,2,5,2,6000,4,467965
0.88,0.8,0.61,0.66,0.52,7,5,0,5,1,3000,3,64622
0.46,0.75,0.12,0.24,0.73,10,5,0,3,2,6000,1,35189
0.61,0.45,0.42,0.57,0.83,5,10,0,4,2,6000,2,131355
0.29,0.31,0.08,0.42,0.98,14,7,2,2,0,5000,1,65805
0.26,0.55,0.93,0.74,0.13,3,7,0,6,0,2000,2,54244
0.39,0.42,0.13,0.7,0.24,7,3,1,3,2,6000,1,22524
0.74,0.35,0.45,0.41,0.45,10,5,1,6,0,8000,2,68861
0.82,0.51,0.15,0.01,0.59,10,7,1,4,0,6000,3,104620
0.3,0.34,0.56,0.9,0.58,10,5,1,4,1,10000,2,60809
0.95,0.88,0.73,0.43,0.28,14,5,0,3,1,3000,1,18656
0.44,0.89,0.29,0.92,0.99,3,4,2,3,0,2000,2,90976
0.17,0.6,0.04,0.89,0.54,5,3,1,1,1,3000,3,60457
0.44,0.13,0.45,0.92,0.72,3,7,1,4,1,2000,2,109352
0.12,0.35,0.08,0.79,0.73,7,4,2,3,1,5000,1,52591
0.89,0.04,0.1,0.71,0.52,5,10,2,6,0,8000,1,83557
0.38,0.94,0.67,0.27,0.15,5,7,1,2,0,8000,1,34365
0.21,0.43,0.49,0.61,0.71,3,7,2,3,2,5000,2,214990
0.53,0.95,0.88,0.84,0.88,10,7,2,4,2,4000,4,416734
0.11,0.88,0.75,0.29,0.97,7,4,2,4,0,3000,4,173672
0.35,0.4,0.13,0.88,0.84,10,10,1,6,0,2000,3,170885
0.89,0.78,0.06,0.77,0.26,7,7,1,4,1,5000,3,109743
0.73,0.34,0.82,0.31,0.41,14,4,2,2,2,2000,3,166505
0.02,0.72,0.8,0.09,0.7,7,10,0,6,0,6000,2,76439
0.99,0.84,0.4,0.72,0.29,5,5,1,4,0,6000,2,41766
0.02,0.94,0.1,0.4,0.48,5,5,1,1,0,8000,2,46804
0.12,0.78,0.66,0.13,0.74,7,3,0,1,2,8000,4,58194
0.83,0.6,0.15,0.74,0.79,5,10,1,3,1,6000,1,64788
0.2,0.26,0.66,0.47,0.29,3,4,1,5,1,5000,3,91054
0.24,0.02,0.5,0.39,0.37,14,3,1,2,2,2000,4,98858
0.37,0.56,0.64,0.33,0.81,3,3,2,2,0,10000,4,114442
0.14,0.62,0.47,0.72,0.57,5,3,1,3,1,4000,3,50987
0.69,0.6,0.87,0.27,0.21,14,7,2,4,1,8000,2,138821
0.48,0.55,0.74,0.73,0.92,10,3,1,2,0,3000,1,16198
0.87,0.11,0.89,0.5,0.63,14,7,0,6,2,5000,4,134008
0.44,0.29,0.92,0.68,0.52,14,5,2,6,0,3000,3,148250
0.8,0.95,0.37,0.6,0.47,5,5,2,6,0,3000,4,165351
0.18,0.47,0.99,0.01,0.7,5,3,2,4,1,2000,1,41058
0.16,0.35,0.56,0.23,0.63,5,5,1,4,2,8000,3,151897
0.4,0.25,0.54,0.66,0.08,5,3,2,2,1,3000,3,77181
0.8,0.59,0.77,0.33,0.77,14,10,1,6,2,8000,4,304373
0.78,0.99,0.09,0.8,0.15,5,7,0,3,0,2000,2,42499
0.66,0.33,0.5,0.12,0.56,10,7,2,4,1,4000,3,233447
0.61,0.21,0.17,0.63,0.28,5,7,2,4,1,8000,3,206652
0.9,0.65,0.18,0.87,0.86,7,7,0,5,2,3000,4,190819
0.75,0.01,0.44,0.53,0.01,7,5,0,3,1,6000,1,16153
0.65,0.64,0.4,1.0,0.7,7,3,2,1,2,5000,4,173090
0.75,0.65,0.55,0.1,0.37,14,4,2,6,0,10000,2,69266
0.85,0.06,0.64,0.06,0.1,14,5,0,6,2,8000,1,32329
0.9,0.9,0.17,0.99,0.72,7,10,0,6,1,5000,1,43506
0.76,0.15,0.27,0.17,0.04,14,4,2,5,1,3000,1,36900
0.35,0.34,0.57,0.7,0.57,10,3,0,1,0,8000,1,9823
0.63,0.02,0.17,0.01,0.64,10,3,2,2,1,10000,2,68479
0.05,0.71,0.18,0.14,0.32,5,4,1,2,0,4000,3,58210
0.09,0.36,0.36,0.77,0.52,5,3,2,4,0,6000,2,60771
0.65,0.68,0.29,0.34,0.97,14,5,0,5,0,4000,2,41085
0.92,0.52,0.63,0.48,0.47,7,5,2,4,2,6000,1,72639
0.63,0.87,0.01,0.42,0.33,3,4,1,3,0,5000,2,38013
0.81,0.46,0.58,0.43,0.4,5,5,2,3,2,4000,4,278089
0.04,0.93,0.23,0.93,0.93,3,7,1,3,2,5000,1,63886
0.92,0.89,0.97,0.94,0.2,14,4,0,6,1,10000,1,16443
0.77,0.8,0.46,0.17,0.0,5,4,0,3,1,2000,2,25281
0.09,0.24,0.68,0.85,0.37,10,4,1,1,1,6000,4,95584
0.47,0.38,0.46,0.24,0.92,10,4,1,2,1,10000,3,99058
0.87,0.6,0.53,0.35,0.67,14,3,0,5,0,10000,2,27412
0.5,0.0,0.6,0.4,0.08,5,4,1,2,0,3000,3,44987
0.38,0.18,0.15,0.31,0.68,10,3,1,4,0,3000,4,89283
0.11,0.81,0.35,0.73,0.66,10,3,0,3,0,6000,4,52573
0.49,0.96,0.4,0.77,0.3,7,3,2,4,2,4000,4,185054
0.54,0.36,0.79,0.98,0.53,10,3,0,1,1,8000,3,42085
0.61,0.87,0.43,0.46,0.04,10,7,1,1,2,8000,3,129931
0.67,0.77,0.02,0.27,0.29,10,3,1,3,1,8000,1,18172
0.73,0.53,0.4,0.18,0.53,5,4,2,4,1,4000,3,149140
0.24,0.83,0.83,0.73,0.52,10,3,0,3,1,2000,2,37388
0.81,0.1,0.51,0.73,0.34,7,7,1,1,0,8000,3,107728
0.88,0.84,0.43,0.12,0.19,7,5,2,5,2,10000,2,127591
0.57,0.22,0.94,0.27,0.69,5,5,2,6,0,6000,4,197711
0.27,0.41,0.02,0.41,0.13,7,7,2,6,1,2000,2,124223
0.32,0.06,0.29,0.71,0.83,14,7,2,5,1,6000,4,350684
0.34,0.32,0.82,0.15,0.85,10,4,2,6,0,8000,4,161861
0.66,0.57,0.08,0.49,0.98,3,4,2,5,1,4000,3,177416
0.67,0.03,0.62,0.17,0.35,10,7,0,3,2,8000,4,155521
0.54,0.38,0.95,0.12,0.4,5,3,2,3,0,10000,2,56466
0.41,0.75,0.42,0.6,0.32,7,3,2,6,2,10000,3,144373
0.39,0.86,0.49,0.46,0.83,10,4,0,4,1,2000,3,81273
0.17,0.91,0.38,0.65,0.97,10,4,2,1,2,3000,2,138019
1.0,0.6,0.73,0.95,0.33,5,4,2,6,1,8000,1,42473
0.6,0.79,0.39,0.51,0.19,5,7,1,6,0,3000,4,132386
0.13,0.06,0.03,0.58,0.46,14,7,0,2,1,6000,1,35471
0.33,0.92,0.16,0.46,0.96,3,3,2,6,1,10000,4,172243
0.42,0.26,0.72,0.12,0.78,14,3,1,4,2,2000,3,114218
0.82,0.77,0.36,0.72,0.51,10,7,0,1,0,10000,3,79656
0.79,0.72,0.37,0.66,0.14,5,7,0,3,0,4000,1,23898
0.75,0.76,0.34,0.69,0.33,10,5,2,3,2,2000,2,129941
0.03,0.88,0.56,0.71,0.31,5,10,2,3,1,8000,4,379372
0.74,0.7,0.15,0.29,0.38,5,3,0,5,1,3000,1,15331
0.51,0.87,0.52,0.48,0.9,7,4,2,5,1,6000,3,167019
0.17,0.53,0.18,0.9,0.01,3,5,0,3,0,3000,2,32567
0.73,0.12,0.2,0.5,0.57,3,10,0,6,0,4000,1,37440
0.95,0.51,0.27,0.96,0.85,14,3,0,4,2,6000,2,43641
0.74,0.69,0.65,0.25,0.69,10,4,0,5,1,6000,3,54846
0.83,0.06,0.9,0.52,0.06,5,4,2,5,1,5000,1,36845
0.79,0.07,0.48,0.44,0.48,3,10,2,2,2,5000,3,383282
0.43,0.9,0.72,0.44,0.64,14,10,1,1,1,10000,4,241236
0.63,0.33,0.48,0.28,0.65,7,10,0,3,1,8000,3,126859
0.98,0.95,0.49,0.32,0.97,10,7,0,2,0,10000,4,98419
0.93,0.44,0.64,0.54,0.18,3,4,0,3,2,4000,3,74419
0.1,0.3,0.61,0.57,0.15,5,4,1,2,0,6000,2,35913
0.65,0.79,0.78,0.27,0.93,10,5,1,2,1,4000,3,112585
0.31,0.56,0.76,0.01,0.94,3,7,1,6,0,5000,3,127225
0.21,0.72,0.29,0.37,0.32,10,5,2,5,2,3000,2,145298
0.86,0.11,0.24,0.33,0.48,14,7,0,6,1,8000,4,121912
0.59,0.06,0.06,0.34,0.54,10,5,0,4,0,8000,1,21109
0.82,0.87,0.59,0.57,0.56,10,4,1,5,2,10000,3,131357
0.29,0.02,0.77,0.07,0.79,7,5,1,6,0,3000,3,93044
0.36,0.2,0.97,0.26,0.6,3,4,0,6,1,5000,4,120440
0.05,0.53,0.91,0.51,0.02,10,3,2,3,2,5000,3,111637
0.07,0.08,0.09,0.56,0.11,5,10,0,5,1,6000,2,73487
0.68,0.82,0.47,0.89,0.99,5,5,0,2,2,6000,3,113592
0.69,0.82,0.43,0.02,0.57,3,10,1,1,0,3000,3,128057
0.86,0.58,0.77,0.53,0.65,5,10,1,6,2,3000,2,169323
0.31,0.1,0.53,0.94,0.04,5,10,1,1,1,10000,3,150236
0.2,0.16,0.99,0.23,0.92,7,3,0,4,0,10000,4,53443
0.74,0.74,0.38,0.45,0.4,5,7,2,1,0,3000,1,51837
0.94,0.74,0.36,1.0,0.42,5,3,2,3,1,4000,1,29838
0.38,0.42,0.96,0.1,0.36,7,3,1,6,1,3000,1,28067
0.39,0.47,0.95,0.27,0.65,7,3,0,2,0,6000,1,10419
0.14,0.47,0.04,0.6,0.21,7,5,2,4,0,5000,2,81862
0.15,0.81,0.67,0.37,0.92,5,3,1,2,1,5000,3,70041
0.03,0.03,0.03,0.47,0.73,5,7,0,5,1,10000,2,48386
0.35,0.22,0.42,0.07,0.97,10,7,2,4,0,10000,1,73117
0.9,0.26,0.32,0.54,0.96,3,7,1,6,2,3000,2,136360
0.81,0.14,0.66,0.74,0.72,7,10,0,2,0,4000,2,78631
0.33,0.97,0.67,0.52,0.58,7,4,1,4,1,8000,2,56314
0.91,0.39,0.05,0.2,0.18,5,3,0,2,1,4000,1,12974
0.86,0.19,0.87,0.97,0.41,5,7,2,3,2,5000,1,96716
0.77,0.92,0.34,0.89,0.26,10,10,1,6,0,8000,3,150782
0.06,0.37,0.64,0.96,0.13,5,7,0,1,2,8000,3,83844
0.45,0.55,0.94,0.97,0.97,5,7,2,2,0,10000,2,130085
0.73,0.35,0.6,0.15,0.86,14,3,2,3,2,3000,2,93631
0.68,0.63,0.86,0.23,0.93,5,10,2,4,0,4000,1,98016
0.9,0.97,0.89,0.47,0.14,7,3,0,3,2,6000,3,50977
0.96,0.06,0.41,0.14,0.82,5,7,0,6,1,5000,2,62890
0.23,0.95,0.14,0.4,0.73,14,4,0,4,0,8000,3,52814
0.64,0.52,0.52,0.77,0.6,5,7,1,1,2,8000,4,213232
0.98,0.91,0.34,0.27,0.99,10,5,0,6,1,5000,2,82590
0.79,0.76,0.22,0.1,1.0,14,10,1,2,2,5000,4,343299
0.11,0.77,0.84,0.73,0.9,14,5,1,6,1,4000,1,33803
0.81,0.24,0.49,0.59,0.67,3,7,2,5,2,5000,4,412765
0.59,0.79,0.95,0.58,0.12,5,5,2,6,2,6000,4,284502
0.74,0.35,0.79,0.85,0.57,14,3,1,6,2,10000,4,130106
0.57,0.02,0.95,0.1,0.92,3,7,1,3,2,4000,3,187132
0.78,0.32,0.7,0.63,0.77,5,4,2,5,2,4000,4,295328
0.82,0.84,0.86,0.33,0.62,5,5,1,1,2,2000,4,176294
0.64,0.76,0.2,0.86,0.49,7,7,1,2,0,4000,1,31423
0.31,0.51,0.64,0.3,0.56,5,7,2,6,0,3000,1,65857
0.91,0.66,0.85,0.15,0.34,7,7,0,4,0,10000,3,87274
0.08,1.0,0.44,0.04,0.55,7,3,1,2,2,3000,2,52286
0.81,0.15,0.3,0.96,0.86,10,7,1,5,2,6000,2,136712
0.52,0.4,0.58,0.9,0.39,7,5,1,4,1,4000,2,64386
0.08,0.69,0.32,0.83,0.7,14,10,0,1,2,8000,4,190303
0.81,0.6,0.72,0.72,0.64,14,4,1,3,2,10000,1,39242
0.5,0.44,0.95,0.17,0.56,14,3,1,4,2,3000,1,30160
0.95,0.28,0.25,0.9,0.03,14,7,1,6,0,5000,2,65121
0.54,0.67,0.33,0.57,0.88,10,4,2,6,2,4000,1,72837
0.75,0.59,0.77,0.07,0.06,10,4,2,2,0,6000,2,53049
0.93,0.73,0.33,0.09,0.4,10,7,1,6,1,3000,3,112728
0.36,0.71,0.88,0.5,0.18,10,4,0,3,2,8000,1,22401
0.09,0.26,0.88,0.06,0.56,7,3,0,1,2,2000,1,15666
0.03,0.91,0.56,0.86,0.96,5,10,1,2,2,3000,3,320119
0.15,0.37,0.18,0.44,0.85,5,10,0,4,0,6000,1,37683
0.93,0.94,0.11,0.68,0.59,5,3,1,2,2,3000,3,87632
0.83,0.78,0.94,0.67,0.07,5,5,0,2,1,3000,4,57082
0.92,0.92,0.81,0.91,0.71,14,3,2,1,2,8000,3,142055
0.7,0.52,0.76,0.64,0.28,5,7,0,3,2,5000,4,128353
0.49,0.49,0.32,0.48,0.39,10,5,2,6,0,6000,1,39456
0.89,0.75,0.57,0.17,0.31,3,10,0,1,1,5000,2,69410
0.82,0.68,0.43,0.51,0.85,14,5,2,6,0,3000,1,53699
0.22,0.32,0.71,0.5,0.57,14,3,0,4,0,8000,1,11415
0.24,0.81,0.83,0.98,0.99,5,5,1,1,0,3000,2,61690
0.88,0.42,0.57,0.86,0.63,5,5,1,6,0,5000,4,121483
0.9,0.82,0.49,0.6,0.63,10,3,2,4,0,8000,2,55616
0.12,0.9,0.49,0.18,0.33,7,7,1,5,1,4000,3,108054
0.82,0.88,0.95,0.55,0.5,5,10,0,4,1,2000,1,37372
0.39,0.08,0.69,0.07,0.44,7,7,2,2,1,6000,1,77129
0.97,0.77,0.72,0.04,0.01,5,5,1,2,1,5000,2,45527
0.38,0.95,0.51,0.23,0.63,7,7,0,4,0,10000,2,55983
0.56,0.14,0.96,0.06,0.68,10,10,2,1,2,8000,2,284718
0.04,0.9,0.68,0.01,0.0,3,7,2,1,0,10000,1,46590
0.02,0.82,0.48,0.57,0.39,14,7,1,6,0,8000,4,143412
0.98,0.64,0.48,0.9,0.45,7,4,0,3,2,8000,2,48414
0.16,0.74,0.43,0.3,0.04,10,10,0,4,0,10000,3,79362
0.88,0.46,0.45,0.95,0.46,7,5,2,4,0,8000,2,85138
0.19,0.19,0.87,0.66,0.62,10,10,1,3,2,4000,2,152621
0.11,0.65,0.3,0.83,0.77,14,7,0,2,0,4000,2,58541
0.52,0.18,0.44,0.69,0.39,5,5,2,6,2,10000,2,153443
0.78,0.2,0.41,0.47,0.87,5,7,1,5,2,6000,1,70054
0.07,0.02,0.92,0.87,0.33,3,5,1,2,2,3000,2,65155
0.62,0.32,0.9,0.45,0.34,5,5,1,1,2,3000,2,68114
0.53,0.62,0.16,0.55,0.47,7,4,0,6,0,5000,1,17352
0.88,0.47,0.48,0.77,0.59,7,7,2,5,0,5000,1,68972
0.34,0.34,0.09,0.37,0.18,14,5,2,4,0,2000,2,78364
0.71,0.95,0.08,0.6,0.8,3,10,2,4,0,4000,3,285309
0.98,0.9,0.02,0.32,0.17,5,5,1,4,1,4000,1,30377
0.66,0.33,0.03,0.87,0.93,3,10,0,3,1,3000,4,171318
0.7,0.27,0.38,0.37,0.51,10,7,2,3,0,4000,3,177245
0.28,0.08,0.45,0.67,0.81,7,10,0,1,0,10000,1,26190
0.37,0.15,0.8,0.78,0.86,3,3,2,3,2,2000,2,113886
0.87,0.46,0.87,0.79,0.11,3,3,2,2,0,8000,1,21016
0.95,0.0,0.79,0.23,0.05,3,7,1,6,2,3000,4,218517
0.99,0.61,0.19,0.29,0.68,3,7,0,5,0,2000,2,44289
0.88,0.58,0.19,0.12,0.76,5,4,1,2,0,5000,3,70240
0.64,0.22,0.25,0.34,0.24,3,5,1,2,0,2000,1,23842
0.73,0.62,0.82,0.08,0.76,10,3,2,6,0,4000,3,115035
0.68,0.07,0.26,0.84,0.45,10,5,1,3,1,4000,2,62094
0.04,0.35,0.46,0.46,0.92,10,7,1,4,0,3000,4,159759
0.14,0.32,0.99,0.63,0.4,3,7,2,2,0,6000,2,101311
0.39,0.15,0.34,0.02,0.39,7,10,1,2,0,5000,4,201852
0.85,0.49,0.67,0.35,0.11,7,7,2,3,0,3000,4,202338
0.49,0.96,0.63,0.34,0.31,14,7,2,1,2,3000,3,277693
0.81,0.86,0.37,0.97,0.06,10,5,1,2,0,4000,2,46875
0.9,0.48,0.28,0.34,0.79,5,4,1,6,2,3000,2,98161
0.56,0.89,0.31,0.88,0.38,5,10,1,1,2,5000,4,317587
0.07,0.39,0.19,0.77,0.71,7,3,1,2,0,8000,1,17481
0.62,0.56,0.78,0.96,0.48,7,10,2,2,2,3000,1,129707
0.88,0.52,0.5,0.25,0.38,3,5,1,2,0,4000,1,25272
0.76,0.08,0.46,0.91,0.15,10,10,0,5,1,10000,3,97678
0.28,0.71,0.45,0.16,0.13,3,3,0,3,2,5000,3,45715
0.72,0.55,0.63,0.65,0.4,7,10,0,6,1,4000,1,39957
0.72,0.13,0.06,0.07,0.15,14,4,2,2,0,10000,3,84958
0.41,0.75,0.49,0.55,0.52,10,4,2,1,0,5000,2,63866
0.24,0.64,0.56,0.05,0.84,5,7,0,1,0,10000,2,43009
0.32,0.39,0.63,0.4,0.51,7,7,0,6,2,8000,4,142611
0.2,0.04,0.23,0.49,0.35,3,10,1,5,0,5000,2,88893
0.92,0.74,0.28,0.56,0.51,5,4,2,3,1,3000,3,127115
0.65,0.45,0.45,0.97,0.67,10,4,0,1,0,5000,1,12235
0.76,0.74,0.3,0.69,0.21,14,5,1,4,0,8000,2,45303
0.51,0.31,0.22,0.18,0.33,10,7,2,3,1,5000,2,145050
0.6,0.8,0.67,0.94,0.08,3,3,0,5,0,10000,1,8476
0.45,0.73,0.96,0.1,0.37,5,7,2,3,0,4000,4,213434
0.77,0.9,0.3,0.26,0.93,5,3,2,6,2,10000,1,54488
0.11,0.72,0.46,0.89,0.69,7,5,0,6,2,5000,1,43561
0.22,0.4,0.38,0.04,0.43,10,7,0,1,2,2000,1,35991
0.28,0.48,0.8,0.02,0.27,5,4,2,4,0,8000,1,34623
0.95,0.49,0.23,0.85,0.05,7,3,2,3,1,10000,4,109538
0.66,0.37,0.55,0.15,0.74,7,7,0,5,1,4000,4,121866
0.81,0.75,0.49,0.54,0.36,10,3,2,3,0,4000,3,81813
0.75,0.86,0.16,0.04,0.51,5,10,1,5,2,10000,2,177076
0.98,0.79,0.82,0.4,0.82,3,10,2,1,2,2000,1,159677
0.94,0.74,0.68,0.79,0.49,7,5,2,4,2,8000,4,288440
0.75,0.69,0.99,0.23,0.64,5,4,2,1,2,10000,1,57989
0.07,0.95,0.24,0.41,0.83,14,3,0,1,0,2000,3,26866
0.83,0.68,0.07,0.45,0.12,7,7,0,6,2,4000,3,102271
0.3,0.62,0.92,0.64,0.59,10,3,1,3,1,2000,3,75375
0.8,0.75,0.77,0.42,0.59,7,7,0,4,0,5000,1,24940
0.09,0.25,0.83,0.63,0.09,10,5,0,5,1,2000,3,67214
0.7,0.45,0.61,0.09,0.68,14,3,2,4,0,6000,2,61433
0.57,0.8,0.54,0.72,0.25,3,10,1,2,1,4000,2,104133
0.33,0.11,0.15,0.84,0.2,10,4,0,4,2,10000,2,47562
0.3,0.22,0.87,0.58,0.49,10,3,0,2,0,3000,1,11208
0.79,0.43,0.71,0.9,0.37,14,3,1,4,0,4000,4,75448
0.07,0.09,0.88,0.66,0.47,14,4,0,1,0,3000,1,12421
0.2,0.66,0.55,0.56,0.48,5,10,1,1,2,2000,2,133587
0.13,0.7,0.01,0.06,0.79,3,10,2,3,2,6000,1,143386
0.92,0.86,0.8,0.19,0.47,10,4,0,2,1,6000,1,16975
0.86,0.15,0.76,0.48,0.99,3,10,0,2,2,10000,4,280871
0.23,0.26,0.06,0.43,0.87,10,3,0,6,2,4000,4,126060
0.87,0.75,0.13,0.61,0.79,10,4,0,5,2,4000,4,126503
0.6,0.42,0.56,0.7,0.78,3,5,1,4,1,5000,3,115956
0.33,0.31,0.95,0.51,0.39,14,10,2,5,2,8000,2,258837
0.69,0.98,0.53,0.62,0.06,7,5,1,5,2,3000,3,104956
0.19,0.97,0.19,0.33,0.68,7,5,2,4,2,8000,2,176491
0.79,0.8,0.69,0.19,0.69,14,10,1,2,1,6000,2,147003
0.88,0.64,0.21,0.79,0.83,5,7,1,2,1,5000,3,152330
0.34,0.25,0.07,0.12,0.38,14,7,0,1,0,10000,3,73179
0.99,0.58,0.28,0.57,0.2,3,7,2,4,2,2000,4,345780
0.12,0.18,0.36,0.8,0.05,3,5,0,5,2,4000,2,59141
0.74,0.42,0.04,0.66,0.06,3,5,2,6,1,4000,4,175469
0.62,0.57,0.27,0.55,0.84,5,3,2,5,1,10000,2,75500
0.54,0.02,0.16,0.57,0.61,7,7,0,1,0,10000,4,83543
0.61,0.89,0.92,0.28,0.0,7,7,2,5,1,5000,2,119006
0.08,0.71,0.44,0.74,0.38,14,7,0,5,1,3000,4,127305
0.32,0.5,0.62,0.84,0.61,7,4,2,1,2,10000,4,221495
0.22,0.35,0.27,0.71,0.9,10,10,1,1,2,6000,2,185667
0.45,0.8,0.39,0.35,0.38,10,7,2,4,1,2000,4,277667
0.27,0.91,0.26,0.16,0.22,14,10,2,5,0,10000,1,73423
0.76,0.09,0.92,0.09,0.7,3,5,0,5,1,5000,2,49345
0.44,0.87,0.19,0.41,0.17,3,4,0,5,0,6000,2,28973
0.94,0.89,0.24,0.81,0.2,3,3,0,3,0,6000,1,12477
0.76,0.72,0.15,0.93,0.25,3,5,0,3,2,10000,1,30677
0.06,0.13,0.05,0.16,0.13,14,5,2,3,1,3000,4,186772
0.71,0.16,0.61,0.04,0.98,5,3,1,4,2,10000,4,150999
0.54,0.4,0.53,0.96,0.94,7,10,2,6,2,5000,3,496578
0.5,0.5,0.8,0.21,0.6,7,5,0,5,1,5000,4,87401
0.31,0.2,0.02,0.44,0.64,5,7,2,6,0,8000,3,188004
0.02,0.23,0.44,0.49,0.47,10,5,0,4,0,5000,1,17221
0.64,0.1,0.37,0.35,0.91,10,3,2,3,1,10000,4,145714
0.35,0.19,0.92,0.17,0.99,5,10,1,1,0,6000,2,116846
0.02,0.4,0.8,0.46,0.62,7,5,0,5,2,2000,4,157874
0.76,0.04,0.78,0.73,0.57,3,4,1,3,2,8000,4,170578
0.27,0.14,0.91,0.09,0.38,10,4,0,1,1,2000,2,31320
0.19,0.8,0.88,0.43,0.57,5,3,0,2,0,4000,4,40787
0.47,0.98,0.92,0.49,0.08,10,5,2,6,1,10000,4,195446
0.55,0.9,0.74,0.63,0.33,5,10,2,6,1,10000,2,185408
0.48,0.33,0.51,0.5,0.72,10,3,2,3,1,2000,2,76749
0.78,0.88,0.25,0.91,0.93,14,10,1,4,2,5000,4,369808
0.08,0.16,0.48,0.93,0.07,7,3,1,4,1,3000,4,65527
0.94,0.12,0.24,0.88,0.49,10,10,0,4,1,10000,2,79229
0.8,0.34,0.6,0.59,0.85,3,3,0,6,0,3000,4,68520
0.97,0.81,0.65,0.99,0.0,5,3,0,3,1,8000,3,39052
0.04,0.89,0.33,0.04,0.58,3,10,0,2,0,5000,4,124104
0.29,0.84,0.07,0.61,0.14,10,10,1,2,2,10000,1,69374
0.69,0.03,0.85,0.67,0.69,10,5,2,3,1,8000,4,236453
0.98,0.31,0.33,0.24,0.15,5,3,0,1,2,2000,2,24962
0.15,0.07,0.77,0.69,0.58,10,7,1,1,2,8000,3,171754
0.47,0.03,0.16,0.19,0.07,3,5,1,2,1,5000,4,125806
0.32,0.13,0.33,0.97,0.42,7,10,2,2,0,10000,2,156561
0.49,0.99,0.15,0.88,0.24,14,7,1,2,2,3000,4,171943
0.36,0.34,0.61,0.34,0.1,14,4,0,2,1,8000,3,49427
0.53,0.59,0.93,0.2,0.77,3,7,2,5,2,4000,4,411430
0.02,0.59,0.97,0.06,0.83,10,7,2,5,0,4000,2,135917
0.89,0.85,0.82,0.67,0.58,10,5,0,5,0,2000,2,46613
0.4,0.43,0.96,0.8,0.27,14,7,0,5,2,10000,3,142448
0.05,0.99,0.21,0.66,0.29,3,4,1,5,2,4000,2,74477
0.01,0.43,0.33,0.25,0.48,3,4,2,6,1,3000,3,148365
0.16,0.43,0.73,0.36,0.77,7,5,2,6,2,8000,1,77487
0.12,0.94,0.95,0.07,0.77,7,4,0,4,1,2000,4,81336
0.67,0.28,0.08,0.79,0.35,10,4,2,3,2,2000,1,47915
0.34,0.52,0.69,0.19,0.99,7,3,1,4,1,2000,4,86336
0.62,0.48,0.59,0.7,0.98,5,7,2,4,1,4000,3,238454
0.45,0.0,0.36,0.99,0.93,7,7,2,1,1,10000,4,334877
0.1,0.52,0.77,0.59,0.47,14,10,2,3,0,6000,1,88548
0.25,0.54,0.43,0.04,0.11,7,4,2,3,1,3000,3,108025
0.98,0.36,0.5,0.74,0.41,3,5,1,2,2,2000,2,86433
0.85,0.36,0.1,0.26,0.33,3,4,2,2,2,10000,1,47349
0.31,0.76,0.75,0.91,0.08,14,10,2,5,1,6000,3,270778
0.93,0.31,0.88,0.09,0.33,3,4,0,1,2,2000,1,16409
0.81,0.41,0.11,0.16,0.94,5,3,1,2,0,8000,1,17147
0.22,0.71,0.17,0.96,0.86,14,4,1,1,2,6000,3,127748
0.84,0.49,0.24,0.43,0.61,10,4,2,3,1,3000,4,198873
0.58,0.27,0.62,0.89,0.71,7,10,1,1,0,5000,2,102466
0.13,0.18,0.64,0.12,0.67,5,3,0,2,2,2000,1,19065
0.97,0.28,0.11,0.0,0.21,3,3,1,1,1,3000,4,60893
0.65,0.12,0.37,0.98,0.38,14,5,1,6,0,10000,2,49698
0.19,0.67,0.95,0.24,0.49,7,7,0,3,0,5000,4,82379
0.89,0.06,0.46,0.29,0.41,7,4,1,3,0,5000,1,20365
0.59,0.35,0.64,0.45,0.69,7,7,1,3,0,5000,2,63907
0.78,0.65,0.38,0.99,0.55,5,3,1,6,1,6000,3,77148
0.86,0.52,0.31,0.4,0.06,3,4,1,3,0,10000,2,40637
0.53,0.15,0.02,0.77,0.77,10,10,1,1,1,3000,2,141052
0.72,0.42,0.7,0.27,0.2,10,10,2,5,1,2000,4,391142
0.89,0.32,0.86,0.36,0.76,14,5,1,2,1,6000,1,30060
0.57,0.14,0.41,0.04,0.47,14,3,0,6,2,5000,2,35958
0.37,0.04,0.01,0.59,0.12,7,10,1,2,0,4000,2,69853
0.81,0.79,0.54,0.63,0.76,3,7,2,3,2,3000,1,108651
0.41,0.33,0.09,0.58,0.92,7,3,1,6,1,4000,4,125737
0.03,0.1,0.63,0.02,0.28,5,4,0,6,0,8000,2,24406
0.13,0.46,0.66,0.23,0.13,3,4,1,6,1,10000,4,93985
0.83,0.16,0.38,0.17,0.04,5,7,0,1,0,3000,1,16216
0.43,0.7,0.17,0.71,0.71,14,10,2,3,1,3000,2,225725
0.61,0.79,0.28,0.26,0.21,3,4,1,3,1,10000,4,87303
0.8,0.13,0.05,0.74,0.53,3,10,1,4,2,6000,2,155430
0.54,0.23,0.13,0.91,0.51,14,10,0,2,2,6000,1,56434
0.09,0.26,0.55,0.83,0.04,10,4,0,2,2,8000,1,17486
0.44,0.42,0.63,0.08,0.76,10,4,2,3,1,2000,1,49553
0.03,0.66,0.02,0.81,0.03,7,4,2,6,2,2000,1,52539
0.95,0.1,0.78,0.54,0.37,14,3,2,2,1,4000,4,127016
0.91,0.65,0.75,0.26,0.09,5,10,2,5,2,5000,3,379950
0.77,0.15,0.82,0.29,0.62,3,5,1,4,0,6000,4,93961
0.6,0.0,0.26,0.25,0.35,7,3,1,6,2,4000,2,59440
0.12,0.41,0.8,0.51,0.99,7,3,1,3,0,10000,4,79728
0.71,0.63,0.05,0.21,0.41,14,10,1,5,1,10000,1,72449
0.64,0.94,0.92,0.18,0.06,7,3,0,4,1,10000,1,15465
0.0,0.63,0.26,0.86,0.18,10,7,0,5,0,5000,2,47641
0.4,0.24,0.67,0.14,0.4,7,4,2,5,2,8000,3,167558
0.02,0.88,0.76,0.13,0.72,14,7,0,1,1,10000,3,100687
0.04,0.39,0.95,0.63,0.16,7,5,0,2,1,10000,2,42944
0.34,0.68,0.29,0.96,0.91,3,3,1,4,1,5000,3,76813
0.96,0.53,0.92,0.02,0.23,3,5,0,5,2,6000,2,62653
0.73,0.13,0.61,0.7,0.67,7,3,1,6,2,2000,3,92904
0.22,0.97,0.82,0.19,0.53,14,5,2,1,1,8000,2,106304
0.1,0.09,0.6,0.53,0.72,3,10,0,5,0,3000,1,42545
0.49,0.13,0.64,1.0,0.04,10,3,2,1,0,10000,4,83707
0.1,0.96,0.86,0.78,0.72,14,3,0,2,0,10000,1,11663
0.11,0.78,0.11,0.13,0.6,3,4,2,4,1,5000,4,193406
0.82,0.6,0.96,0.91,0.92,14,4,1,3,2,10000,3,93408
0.31,0.07,0.12,0.53,0.77,7,3,2,3,0,3000,4,124588
0.84,0.59,0.76,0.41,0.17,5,4,2,5,2,3000,1,50524
0.34,0.42,0.09,0.93,0.7,7,4,2,5,1,8000,1,55699
0.02,0.79,0.24,0.94,0.43,3,10,2,1,0,8000,2,157297
0.04,0.19,0.99,0.52,0.2,10,7,2,1,0,5000,2,101025
0.32,0.75,0.1,0.18,0.22,7,5,0,4,2,6000,2,54677
0.49,0.85,0.42,0.56,0.9,14,4,2,3,1,8000,1,47368
0.9,0.0,0.53,0.45,0.19,7,4,1,6,2,8000,2,59326
0.23,0.37,0.72,0.05,0.67,10,3,2,1,2,4000,1,43869
0.57,0.93,0.71,0.45,0.26,5,7,2,6,2,6000,4,410229
0.81,0.87,0.66,0.83,0.64,14,7,0,5,1,3000,3,110867
0.95,0.25,0.33,0.1,0.02,14,5,2,5,0,3000,2,69539
0.78,0.82,0.29,0.14,0.97,10,10,2,1,1,6000,1,122009
0.4,0.12,0.76,0.97,0.03,10,4,2,2,1,6000,2,72423
0.33,0.66,0.91,0.65,0.9,14,4,2,5,0,10000,3,138284
0.34,0.41,0.66,0.98,0.9,14,10,1,3,0,6000,2,126751
0.36,0.68,0.43,0.27,0.78,10,10,1,3,1,8000,1,61798
0.56,0.81,0.1,0.83,0.88,5,10,1,5,1,10000,1,70220
0.27,0.54,0.24,0.8,0.31,14,5,2,1,0,10000,2,71811
0.01,0.85,0.43,0.39,0.89,3,3,0,4,2,3000,1,21127
0.81,0.33,0.97,0.85,0.05,3,7,2,1,2,8000,3,230806
0.61,0.86,0.32,0.45,0.77,14,4,2,4,2,5000,2,129912
0.22,0.28,0.02,0.5,0.44,7,7,0,1,2,5000,2,77467
0.86,0.67,0.6,0.34,0.56,3,7,2,6,1,5000,1,81802
0.93,0.07,0.78,0.02,0.94,14,5,0,2,0,3000,4,74342
0.13,0.93,0.36,0.93,0.2,10,3,1,5,0,5000,1,14210
0.1,0.6,0.0,0.11,0.75,5,10,2,3,0,5000,4,408263
0.34,0.12,0.22,0.07,0.67,7,5,1,5,0,8000,2,57193
0.14,0.4,0.51,0.97,0.09,7,5,0,2,1,3000,3,50149
0.53,0.93,0.91,0.74,0.5,14,4,0,1,0,10000,2,25529
0.49,0.82,0.54,0.18,0.63,7,10,1,2,2,6000,3,273648
0.73,0.61,0.23,0.43,0.83,14,4,0,5,0,6000,3,47000
0.23,0.75,0.96,0.02,0.79,14,10,2,6,1,5000,1,127578
0.06,0.86,0.5,0.9,0.52,5,3,1,1,1,6000,2,41527
0.17,0.22,0.35,0.67,0.09,10,5,0,3,2,5000,1,24342
0.57,0.73,0.52,0.77,0.17,14,4,1,5,1,5000,1,27974
0.77,0.27,0.43,0.61,0.29,14,3,0,2,0,10000,3,31874
0.61,0.73,0.66,0.54,0.98,14,5,2,3,2,3000,3,266864
0.74,0.51,0.63,0.65,0.28,10,10,2,4,0,8000,4,317253
0.18,0.9,0.4,0.39,0.2,5,3,2,4,1,5000,1,31526
0.63,0.97,0.49,0.53,0.38,5,10,2,4,2,5000,2,257643
0.58,0.49,0.75,0.79,0.53,14,3,1,6,0,8000,2,36082
0.27,0.03,0.89,0.36,0.99,10,10,1,6,1,6000,1,74417
0.17,0.9,0.18,0.75,0.85,7,5,0,5,1,5000,4,87757
0.83,0.61,0.19,0.25,0.95,14,10,1,4,0,10000,2,135845
0.1,0.4,0.26,0.68,0.92,5,10,1,6,1,3000,3,227465
0.58,0.4,0.59,0.87,0.22,14,10,2,3,0,3000,1,80195
0.37,0.03,0.65,0.52,0.96,14,5,0,5,1,10000,4,143713
0.82,0.22,0.19,0.63,0.12,14,10,0,1,1,6000,4,97102
0.52,0.7,0.58,0.27,0.04,7,4,1,3,0,4000,3,46811
0.83,0.2,0.22,0.17,0.62,5,7,1,6,2,2000,2,142834
0.85,0.05,0.96,0.27,0.85,3,5,0,1,1,3000,4,103005
0.95,0.12,0.59,0.47,0.06,5,7,0,3,1,3000,2,54552
0.86,0.35,0.16,0.14,0.33,10,7,0,3,2,6000,4,162693
0.44,0.3,0.17,0.49,0.34,7,5,2,6,1,8000,4,219170
0.71,0.61,0.18,0.13,0.96,3,3,2,4,1,2000,2,67765
0.16,0.31,0.64,0.59,0.88,3,4,0,6,0,10000,3,47305
0.01,0.34,0.03,0.2,0.63,14,4,2,1,1,4000,3,139444
0.38,0.59,1.0,0.49,0.5,5,7,1,6,1,8000,3,144585
0.75,0.13,0.85,0.98,0.7,7,5,0,1,2,3000,2,67234
0.82,0.74,0.19,0.06,0.2,5,3,2,3,2,2000,1,37731
0.09,0.24,0.26,0.16,0.72,10,5,0,5,0,10000,4,94212
0.09,0.46,0.79,0.9,0.48,7,5,2,3,2,8000,3,201932
0.15,0.57,0.03,0.14,0.09,10,7,2,5,0,8000,1,48959
0.87,0.72,0.96,0.65,0.18,10,4,0,4,2,8000,2,53451
0.97,0.96,0.93,0.33,0.17,14,10,2,2,2,5000,2,249110
0.8,0.66,0.59,0.64,0.24,14,4,0,2,1,8000,3,50287
0.58,0.89,0.2,0.56,0.31,10,3,1,6,2,5000,4,103106
0.39,0.25,0.02,0.33,0.87,14,7,2,6,2,2000,2,253260
0.85,0.58,0.0,0.57,0.44,5,3,1,2,2,6000,4,117962
0.5,0.11,0.49,0.9,0.33,14,10,2,2,0,3000,1,86076
0.97,0.13,0.36,0.73,0.73,3,10,0,2,0,2000,3,118108
0.61,0.94,0.88,0.52,0.51,14,7,1,6,0,8000,3,123906
0.18,0.64,0.39,0.06,0.84,3,4,0,3,1,3000,4,85731
0.57,0.79,0.32,0.46,0.35,5,4,2,5,0,2000,2,74435
0.78,0.73,0.59,0.35,0.02,7,4,1,3,2,10000,2,58049
0.2,0.0,0.42,0.47,0.21,14,7,0,5,0,3000,4,83859
0.73,0.12,0.16,0.87,0.92,10,7,1,6,0,2000,1,47682
0.12,0.38,0.1,0.91,0.04,14,3,1,2,2,4000,4,81359
0.62,0.73,0.04,0.57,0.43,7,4,2,1,2,3000,4,234524
0.3,0.52,0.15,0.79,0.18,3,5,0,5,2,5000,2,46443
0.66,0.98,0.15,0.29,0.13,14,4,2,3,1,8000,4,155449
0.74,0.66,0.81,0.21,0.67,14,5,0,6,2,5000,1,36097
0.97,0.12,0.28,0.42,0.36,7,10,1,4,1,10000,2,96544
0.94,0.89,0.78,0.03,0.99,3,7,0,3,2,3000,4,194940
0.28,0.17,0.62,0.44,0.72,3,7,1,5,0,5000,2,73641
0.28,0.65,0.9,0.34,0.26,5,3,0,6,2,10000,3,40223
0.12,0.62,0.91,0.41,0.5,10,5,1,3,2,2000,3,138929
0.78,0.35,0.29,0.84,0.95,7,7,0,2,1,5000,4,94433
0.55,0.77,0.8,0.51,0.04,3,7,2,2,0,5000,4,181525
0.16,0.52,0.54,0.52,0.81,7,7,0,2,2,2000,1,43879
0.46,0.2,0.04,0.45,0.25,10,4,1,1,0,10000,3,58939
0.28,0.3,0.8,0.17,0.7,3,3,2,4,0,4000,3,94960
0.43,0.25,0.03,0.12,0.01,5,4,2,4,0,10000,4,119635
0.39,0.82,0.08,0.59,0.52,5,7,0,1,0,4000,4,82123
0.31,0.33,0.59,0.76,0.8,3,7,2,4,2,5000,1,97458
0.75,0.26,0.24,0.77,0.55,14,5,2,1,1,3000,1,48881
0.26,0.61,0.04,0.59,0.65,14,7,1,5,2,5000,2,115716
0.46,0.44,0.12,0.41,0.6,7,3,1,4,0,3000,2,38867
0.05,0.48,0.27,0.23,0.17,7,7,0,2,2,8000,3,119040
0.11,0.61,0.81,0.07,0.82,7,4,1,6,0,2000,2,50642
0.46,0.9,0.84,0.11,0.41,5,3,2,6,2,4000,1,46036
0.37,0.7,0.62,0.51,0.5,14,7,0,1,0,5000,1,24480
0.63,0.96,0.93,0.51,0.82,3,10,1,3,1,6000,2,121749
0.95,0.88,0.52,0.74,0.23,10,10,1,4,0,6000,2,71180
0.54,0.42,0.32,0.67,0.83,5,4,1,5,0,4000,4,103162
0.08,0.16,0.89,0.67,0.59,5,10,2,4,2,6000,2,316665
0.39,0.94,0.67,0.85,0.66,3,5,0,5,1,3000,1,22977
0.58,0.11,0.43,0.49,0.55,5,4,1,3,2,10000,2,75343
0.35,0.78,0.46,0.8,0.8,10,4,1,6,0,6000,4,124787
0.84,0.38,0.55,0.72,0.94,10,3,1,4,2,4000,2,55000
0.15,0.34,0.39,0.16,0.93,14,4,2,4,1,6000,2,106126
0.57,0.79,0.22,0.53,0.53,14,4,2,1,1,3000,3,126458
0.99,0.75,0.45,0.58,0.42,14,3,0,3,0,3000,1,13332
0.36,0.76,0.6,0.81,1.0,5,7,0,2,0,5000,4,93427
0.98,0.04,0.25,0.56,0.09,7,3,0,3,1,10000,3,32940
0.12,0.1,0.32,0.03,0.19,7,5,0,5,1,5000,1,24838
0.91,0.75,0.77,0.13,0.26,14,10,2,6,0,6000,1,82951
0.55,0.1,0.08,0.27,0.52,3,4,1,5,0,5000,4,91639
0.62,0.54,0.8,0.25,0.98,10,10,2,4,1,6000,4,521066
0.89,0.09,0.34,0.26,0.31,3,3,0,5,0,8000,2,23969
0.48,0.36,0.7,0.38,0.69,7,3,0,4,0,5000,1,13660
0.75,0.56,0.39,0.42,0.25,5,3,2,5,1,4000,3,97580
0.49,0.05,0.59,0.65,0.3,5,5,2,5,1,3000,1,50848
0.68,0.27,0.9,0.86,0.61,10,7,1,1,1,10000,4,145120
0.82,0.93,0.31,0.87,0.49,10,5,2,1,2,5000,3,213921
0.22,0.78,0.81,0.03,0.13,7,5,1,4,0,10000,2,49092
0.7,0.05,0.4,0.33,0.61,5,3,0,6,2,5000,2,34893
0.15,0.18,0.76,0.45,0.96,10,7,1,4,0,10000,3,117846
0.03,0.08,0.28,0.98,0.09,14,5,2,5,2,5000,1,56654
0.11,0.59,0.98,0.48,0.49,14,4,0,1,0,6000,3,36164
0.8,0.45,0.99,0.41,0.26,5,7,0,2,2,2000,2,58816
0.25,0.74,0.88,0.34,0.43,14,7,2,1,1,6000,3,219539
0.37,0.26,0.51,0.31,0.12,14,4,2,3,1,4000,3,102299
0.94,0.25,0.65,0.29,0.47,5,4,0,1,0,3000,2,26228
0.77,0.61,0.74,0.98,0.68,14,3,1,4,1,10000,2,46456
0.65,0.68,0.17,0.17,0.19,14,10,1,6,0,10000,1,47081
0.01,0.54,0.8,0.07,0.78,5,3,1,3,2,8000,2,54478
0.99,0.98,0.32,0.55,0.83,7,10,0,3,0,4000,1,43929
0.63,0.1,0.07,0.87,0.44,14,5,2,1,1,4000,2,97152
0.92,0.96,0.26,0.43,0.83,5,10,1,6,0,5000,2,135445
0.55,0.02,0.69,0.76,0.8,7,4,2,5,0,3000,4,177551
0.26,0.54,0.39,0.62,0.58,14,10,2,2,2,6000,1,138469
0.58,0.13,0.48,0.27,0.45,5,5,1,2,0,10000,1,27419
0.75,0.38,0.25,0.27,0.9,14,4,2,4,0,6000,2,87313
0.1,0.98,0.99,0.66,0.5,10,4,2,2,0,6000,1,37220
0.92,0.17,0.12,0.82,0.01,5,4,0,1,0,8000,4,42060
0.11,0.91,0.51,0.63,0.67,14,7,2,4,0,2000,1,65346
0.37,0.8,0.29,0.92,0.24,14,5,1,6,0,8000,1,29125
0.05,0.48,0.42,0.75,0.86,5,4,1,3,1,10000,3,82350
0.0,0.73,0.99,0.46,0.75,5,3,1,3,1,8000,4,81668
0.02,0.69,0.44,0.97,0.67,10,5,0,1,0,8000,4,71971
0.09,0.09,0.84,0.99,0.22,7,3,1,5,1,2000,4,91439
0.77,0.47,0.52,0.02,0.77,5,7,1,5,0,4000,2,88150
0.57,0.62,0.16,0.61,0.78,14,4,2,4,2,6000,1,69666
0.66,0.49,0.61,0.36,0.37,14,7,0,3,1,10000,1,33022
0.38,0.69,0.24,0.02,0.09,10,5,1,6,2,6000,2,66649
0.98,0.55,0.01,0.94,0.9,7,4,0,4,1,4000,3,62389
0.46,0.71,0.67,0.14,0.3,14,4,0,1,2,8000,2,33770
0.71,0.4,0.14,0.27,0.16,14,7,1,5,2,2000,4,224617
1.0,0.88,0.72,0.37,0.92,3,10,1,6,1,4000,4,272527
0.78,0.13,0.84,0.14,0.84,7,7,0,6,2,2000,1,47239
0.22,0.7,0.34,0.28,0.05,5,4,0,3,1,3000,2,33918
0.89,0.89,0.28,0.06,0.49,14,4,0,6,1,8000,4,63919
0.99,0.07,0.94,0.54,0.93,7,3,1,1,0,10000,3,59158
0.75,0.06,0.12,0.37,0.0,5,7,0,6,0,4000,2,39756
0.88,0.74,0.23,0.82,0.79,3,10,0,2,0,2000,4,145597
0.31,0.01,0.96,0.26,0.7,3,10,2,3,2,8000,3,435996
0.81,0.14,0.57,0.47,0.59,14,4,1,3,0,6000,3,68666
0.12,0.84,0.09,0.62,0.72,5,7,0,3,2,2000,2,110529
0.07,0.26,0.05,0.35,0.56,14,7,0,6,0,2000,4,107977
0.88,0.79,0.36,0.26,0.76,5,5,0,4,2,2000,4,136321
0.04,0.43,0.19,0.55,0.99,7,5,2,5,0,6000,3,159766
0.23,0.92,0.8,0.63,0.85,10,4,2,1,1,4000,1,50894
0.28,0.05,0.36,0.62,0.35,7,7,0,2,2,3000,1,30410
0.94,0.9,0.32,0.04,0.63,7,3,2,5,0,3000,1,26412
0.78,0.94,0.09,0.99,0.02,7,5,2,4,2,5000,1,62944
0.17,0.02,0.72,0.37,0.23,7,3,2,2,0,2000,2,48239
0.31,0.79,0.57,0.87,0.06,5,7,2,1,0,4000,1,48282
0.72,0.18,0.88,0.97,0.65,14,5,1,6,2,4000,1,45187
0.96,0.49,0.76,0.7,0.84,10,10,2,1,1,8000,3,346041
0.23,0.75,0.07,0.01,0.39,14,4,1,6,0,3000,1,17997
0.13,0.03,0.21,0.05,0.61,7,3,0,5,1,8000,1,17031
0.88,0.62,0.17,0.55,0.35,5,5,2,5,1,3000,1,51258
0.03,0.41,0.49,0.94,0.01,3,7,2,4,2,2000,1,82944
0.44,0.26,0.78,0.9,1.0,14,5,2,6,0,8000,2,114875
0.85,0.31,0.7,0.99,0.86,3,3,1,4,1,5000,2,44554
0.22,0.63,0.83,0.07,0.21,10,5,1,2,1,3000,3,82164
0.25,0.58,0.63,0.66,0.57,5,4,0,3,1,10000,1,14871
0.79,0.57,0.64,0.89,0.84,3,5,0,1,2,10000,4,104409
0.01,0.89,0.12,0.38,0.44,5,10,0,3,2,4000,4,229206
0.79,0.54,0.32,0.57,0.19,5,10,2,5,1,4000,2,173193
0.95,0.24,0.67,0.88,0.8,5,7,1,3,2,3000,1,63931
0.89,0.69,0.13,0.91,0.11,7,4,0,6,2,2000,2,45033
0.96,0.1,0.8,0.73,0.17,7,10,0,5,2,5000,1,52814
0.09,0.11,0.11,0.44,0.54,7,10,2,1,2,6000,3,427998
0.97,0.17,0.69,0.38,0.52,3,5,0,4,2,10000,2,57062
0.61,0.15,0.91,0.48,0.17,14,5,1,3,0,8000,1,20016
0.72,0.48,0.0,0.18,0.21,7,10,0,6,0,3000,2,47504
0.28,0.49,0.28,0.21,0.13,14,3,0,4,1,6000,2,28230
0.13,0.63,0.01,0.04,0.21,3,5,2,6,0,3000,2,82016
0.5,0.85,0.13,0.88,0.24,5,3,0,5,0,5000,3,27430
0.4,0.0,0.98,0.06,0.72,14,4,1,4,1,4000,4,118687
0.54,0.13,0.07,0.02,0.16,14,3,1,6,2,8000,1,27024
0.87,0.04,0.94,0.58,0.96,5,3,0,3,0,10000,3,39222
0.39,0.15,0.08,0.87,0.94,10,7,0,5,0,4000,4,138963
0.84,0.84,0.91,0.46,0.75,3,7,0,6,1,3000,1,43345
0.39,0.36,0.3,0.29,0.76,7,5,2,1,1,5000,4,239687
0.6,0.19,0.22,0.42,0.01,14,7,0,4,0,3000,2,34590
0.88,0.12,0.3,0.15,0.22,10,4,2,3,2,6000,3,154690
0.1,0.51,0.51,0.89,0.04,10,10,2,5,0,8000,4,283445
0.72,0.91,0.71,0.66,0.57,10,5,0,2,2,4000,2,69380
0.96,0.28,0.46,0.96,0.89,3,5,2,2,0,3000,3,141280
0.69,0.08,0.71,0.37,0.67,10,7,0,3,2,4000,3,143661
0.92,0.56,0.27,0.33,0.45,14,5,2,6,1,3000,3,164966
0.56,0.99,0.27,0.39,0.73,14,7,0,4,0,4000,2,42518
0.29,0.02,0.7,0.01,0.33,14,5,2,1,1,3000,4,185020
0.79,0.37,0.38,0.3,0.45,3,4,0,4,1,3000,2,44092
0.99,0.27,0.38,0.93,0.29,7,10,2,2,0,10000,2,143277
0.78,0.89,0.21,0.81,0.45,10,4,2,4,0,2000,1,34856
0.69,0.12,0.94,0.82,0.92,5,3,0,3,2,6000,4,80463
0.32,0.21,0.82,0.66,0.74,5,7,2,4,1,4000,4,305867
0.19,0.96,0.87,0.93,0.68,14,7,1,6,0,3000,4,159225
0.58,0.4,0.32,0.19,0.47,3,5,0,6,0,10000,3,71228
0.44,0.54,0.02,0.94,0.33,14,3,0,1,0,5000,2,15329
0.31,0.32,0.66,0.95,0.12,3,10,1,2,2,8000,1,67257
0.4,0.81,0.69,0.49,0.16,3,4,0,2,1,6000,3,47879
0.52,0.39,0.91,0.03,0.64,14,7,0,3,0,8000,3,84030
0.89,0.66,0.21,0.23,0.17,10,4,2,5,0,6000,2,57426
0.85,0.69,0.83,0.78,0.22,7,4,0,2,1,5000,1,17333
0.03,0.4,0.91,0.55,0.46,14,4,1,5,1,10000,1,34212
0.16,0.85,0.38,0.1,0.49,5,7,0,3,2,10000,2,92075
0.63,0.18,0.09,0.86,0.67,10,5,2,3,1,5000,2,120207
0.26,0.15,0.98,0.96,0.98,5,4,0,6,2,2000,1,42204
0.25,0.15,0.56,0.67,0.74,5,4,0,6,1,5000,1,23331
0.89,0.99,0.34,0.37,0.05,10,4,2,6,1,10000,2,72796
0.53,0.27,0.68,0.49,0.1,5,3,1,6,1,3000,3,69393
0.56,0.15,0.89,0.07,0.77,5,7,2,1,2,10000,3,311195
0.57,0.72,0.66,0.39,0.31,7,7,0,3,1,4000,1,30042
0.63,0.07,0.09,0.98,0.27,3,10,2,3,1,5000,3,305665
0.67,0.58,0.38,0.98,0.59,10,10,1,3,0,2000,4,196077
0.14,0.25,0.43,0.16,0.01,14,7,0,2,2,8000,1,24708
0.94,0.57,0.75,0.43,0.95,10,7,2,5,2,5000,4,489787
0.52,0.22,0.16,0.49,0.48,3,10,0,2,1,8000,4,133499
0.96,0.7,0.96,0.53,0.48,14,7,1,2,2,3000,3,150500
0.09,0.77,0.33,0.19,0.95,14,5,0,2,0,3000,1,16975
0.07,0.84,0.77,0.49,0.38,7,10,2,4,1,5000,1,93347
0.14,0.97,0.46,0.31,0.54,10,7,1,3,2,5000,4,203804
0.82,0.39,0.35,0.69,0.03,7,3,0,4,0,4000,3,33558
0.2,0.59,0.39,0.27,0.43,5,7,1,1,0,8000,3,105489
0.38,0.32,0.05,0.37,0.47,3,4,1,3,0,3000,2,44080
0.21,0.3,0.99,0.85,0.61,14,10,2,5,1,6000,4,438730
0.66,0.25,0.97,0.75,0.87,7,4,1,6,1,10000,1,39640
0.12,0.57,0.6,0.24,0.61,7,5,2,4,1,3000,3,163932
0.53,0.68,0.66,0.56,0.15,3,10,1,5,1,3000,4,221071
0.67,0.53,0.77,0.52,0.86,7,3,0,2,0,2000,4,40722
0.17,0.86,0.76,0.48,0.3,14,5,0,3,2,8000,4,103018
0.8,0.13,0.78,0.04,0.01,7,5,2,4,1,5000,1,46585
0.22,0.05,0.03,0.9,0.87,3,4,0,2,2,10000,4,111774
0.36,0.71,0.39,0.33,0.34,10,3,2,4,0,6000,2,48713
0.36,0.3,0.26,0.33,0.39,3,3,0,5,2,4000,1,19448
0.18,0.83,0.16,0.67,0.14,5,4,1,4,1,3000,3,69110
0.11,0.3,0.66,0.71,0.42,10,10,0,1,2,10000,3,190364
0.14,0.86,0.38,0.58,0.05,3,7,1,3,0,5000,3,71340
0.21,0.32,0.16,0.54,0.79,7,3,0,2,2,6000,3,57738
0.18,0.75,0.73,0.75,0.76,5,4,0,5,0,6000,2,22565
0.13,0.4,0.99,0.22,0.88,5,3,0,2,1,5000,4,57936
0.69,0.67,0.43,0.46,0.93,3,7,1,2,1,6000,3,145822
0.9,0.06,0.28,0.37,0.06,5,4,2,5,2,10000,3,162424
0.23,0.22,0.72,0.95,0.13,5,10,1,4,0,10000,1,43338
0.16,0.16,0.8,0.29,0.88,3,7,2,4,1,8000,4,357530
0.92,0.64,0.69,0.32,0.26,3,10,2,2,1,2000,4,400334
0.23,0.87,0.44,0.79,0.47,5,5,2,1,0,3000,3,121028
0.96,0.78,0.34,0.39,0.53,7,10,2,6,0,3000,4,354993
0.45,0.77,0.08,0.19,0.13,3,3,0,5,1,6000,1,14273
0.98,0.55,0.81,0.74,0.05,3,7,0,4,1,8000,1,33562
0.23,0.15,0.1,0.97,0.62,7,4,2,3,2,10000,1,56497
0.18,0.91,0.95,0.75,0.25,14,7,0,2,0,4000,3,46617
0.38,0.38,0.32,0.81,0.59,10,4,0,6,2,2000,2,48107
0.3,0.88,0.83,0.3,0.84,10,10,2,5,1,2000,3,357516
0.17,0.86,0.61,0.38,0.51,7,3,2,3,0,10000,4,110668
0.7,0.18,0.43,0.66,0.16,14,5,1,2,1,3000,4,109289
0.79,0.16,0.36,0.15,0.42,10,5,2,1,0,10000,2,83536
0.57,0.93,0.15,0.29,0.07,10,4,0,2,2,4000,3,71087
0.58,0.23,0.24,0.67,0.81,10,4,2,6,1,8000,2,97558
0.08,0.66,0.62,0.03,0.67,7,3,0,2,2,2000,2,45595
0.85,0.04,0.57,0.85,0.22,5,3,2,1,0,10000,2,43980
0.08,0.75,0.51,0.91,0.11,7,10,0,4,2,5000,4,196346
0.01,0.76,0.11,0.33,0.56,3,7,1,3,0,10000,1,32352
0.57,0.5,0.93,0.44,0.52,5,5,2,3,2,5000,4,291149
0.31,0.75,0.6,0.72,0.22,5,3,2,2,2,5000,2,67837
0.18,0.31,0.06,0.28,0.61,14,4,0,3,2,5000,1,25569
0.61,0.15,0.76,0.59,0.59,14,5,2,6,2,2000,2,165055
0.11,0.55,0.06,0.88,0.42,3,4,2,1,0,2000,3,93462
0.34,0.54,0.19,0.1,0.32,3,5,0,3,0,6000,2,35706
0.94,0.55,0.16,0.42,0.81,5,10,2,1,0,5000,4,395982
0.16,0.46,0.44,0.24,0.23,14,4,2,5,1,8000,2,80856
0.9,0.08,0.34,0.11,0.63,14,7,0,4,1,2000,2,68055
0.97,0.11,0.97,0.19,0.66,5,4,0,6,2,3000,1,38690
0.51,0.97,0.35,0.19,0.74,3,10,1,3,2,10000,1,90194
0.39,0.65,0.42,0.63,0.37,14,4,0,6,2,6000,1,28377
0.77,0.62,0.47,0.44,0.41,10,10,2,1,1,6000,4,420250
0.25,0.69,0.35,0.5,0.73,3,4,2,4,1,4000,4,209000
0.17,0.87,0.57,0.09,0.32,5,5,2,5,2,6000,2,131473
0.6,0.67,0.63,0.01,0.44,7,4,2,5,0,5000,3,113362
0.76,0.41,0.59,1.0,0.06,10,10,2,4,1,2000,1,92784
0.31,0.68,0.25,0.35,0.62,14,5,1,3,0,6000,2,64823
0.5,0.3,0.41,0.24,0.84,14,5,0,4,2,6000,1,35127
0.58,0.03,0.29,0.01,0.6,14,7,0,3,0,2000,1,21724
0.96,0.04,0.4,0.55,0.9,3,10,0,3,2,10000,3,180109
0.77,0.0,0.88,0.57,0.19,3,5,1,3,2,10000,2,84410
0.47,0.83,0.74,0.11,0.35,5,3,0,4,1,2000,1,9541
0.68,0.72,0.76,0.4,0.59,14,5,2,2,0,4000,4,167891
0.26,0.57,0.83,0.98,0.66,7,7,1,5,0,6000,4,154360
0.12,0.47,0.41,0.64,0.03,3,4,1,3,2,2000,1,27758
0.3,0.95,0.25,0.6,0.94,10,7,1,6,1,5000,4,234701
0.3,0.04,0.14,0.78,0.12,7,10,2,4,1,3000,3,254944
0.94,0.18,0.61,0.33,0.22,7,7,0,3,1,4000,4,103054
0.29,0.79,0.37,0.22,0.44,5,3,0,5,0,4000,1,13649
0.14,0.33,0.35,0.1,0.7,14,3,0,6,0,5000,2,37029
0.09,0.87,0.93,0.78,0.24,5,7,1,2,1,10000,3,127424
0.73,0.62,0.56,0.71,0.32,7,4,0,5,2,4000,2,52799
0.71,0.31,0.41,0.98,0.33,7,10,0,4,0,2000,3,103282
0.64,0.36,0.6,0.26,0.45,7,7,0,3,2,3000,3,104317
0.44,0.53,0.74,0.73,0.11,10,3,1,5,1,8000,4,65913
0.85,0.6,0.04,0.23,0.51,3,4,0,1,2,3000,4,72287
0.2,0.83,0.52,0.6,0.18,3,10,1,5,2,3000,1,66406
0.54,0.2,0.29,0.55,0.18,3,5,0,1,1,8000,3,55553
0.66,0.93,0.73,0.48,0.81,14,3,0,5,2,10000,1,25367
0.48,0.29,0.87,0.5,0.74,10,7,0,5,1,6000,1,29467
0.81,0.14,0.6,0.26,0.38,10,5,1,1,2,6000,1,31134
0.05,0.6,0.34,0.23,0.02,5,5,0,1,2,2000,4,88183
0.9,0.17,0.29,0.28,0.94,14,5,2,6,2,8000,4,366869
0.17,0.91,0.37,0.78,0.49,14,5,2,2,2,8000,1,64048
0.14,0.44,0.58,0.73,0.61,3,4,1,5,2,3000,4,131241
0.93,0.75,0.53,0.92,0.26,7,3,1,2,1,5000,2,36612
0.1,0.18,0.22,0.03,0.53,7,7,2,1,0,6000,2,125598
0.54,0.28,0.92,0.58,0.89,3,10,2,6,2,8000,2,321569
0.58,0.37,0.15,0.86,0.92,14,4,0,3,0,8000,3,61132
0.75,0.75,0.46,0.75,0.77,7,4,0,6,1,2000,1,21040
0.79,0.08,0.25,0.86,0.13,14,7,1,2,2,10000,3,122973
0.72,0.04,0.06,0.53,0.83,3,10,2,1,0,4000,3,261502
0.21,0.46,0.4,0.91,0.93,14,7,0,4,1,3000,4,128423
0.35,0.72,0.4,0.25,0.35,14,3,2,1,2,4000,3,116421
0.37,0.96,0.45,0.25,0.65,10,7,0,5,1,6000,2,70555
0.88,0.1,0.29,0.39,0.68,3,4,2,2,1,5000,2,90472
0.16,0.59,1.0,0.65,0.41,7,4,1,2,2,2000,4,125530
0.07,0.7,0.41,0.03,0.1,10,5,2,2,1,6000,3,126519
0.98,0.96,0.04,0.67,0.55,5,7,0,1,1,3000,4,100661
0.13,0.86,0.87,0.26,0.26,7,7,0,5,2,3000,3,129706
0.02,0.41,0.8,0.42,0.4,14,3,2,2,0,6000,3,79794
0.77,0.87,0.75,0.35,0.86,5,5,2,6,1,3000,4,248531
0.89,0.02,0.97,0.81,0.96,3,3,1,3,2,10000,1,31436
0.21,0.5,0.52,0.07,0.49,14,7,1,6,2,4000,2,122177
0.4,0.76,0.45,0.83,0.09,3,10,0,5,0,4000,2,71862
0.42,0.02,0.54,0.4,0.35,5,3,1,1,2,10000,2,40748
0.03,0.65,0.45,0.13,0.27,7,3,0,1,2,8000,4,72802
0.7,0.1,0.22,0.27,1.0,5,10,2,1,0,6000,4,412926
0.1,0.63,0.14,0.75,0.54,10,3,2,6,2,6000,4,178735
0.87,0.57,0.2,0.18,0.08,10,5,0,2,1,2000,3,64888
0.21,0.42,0.11,0.83,0.05,5,5,1,5,1,2000,4,95579
0.01,0.55,0.45,0.65,0.06,5,3,0,5,1,10000,2,29265
0.14,0.57,0.2,0.96,0.58,3,5,1,4,2,4000,1,37159
0.24,0.33,0.8,0.97,0.03,10,4,2,4,0,3000,1,30502
0.16,0.11,0.54,0.38,0.04,14,7,0,6,1,5000,2,38303
0.8,0.25,0.87,0.71,0.28,10,3,1,1,2,3000,1,19207
0.26,0.24,0.05,0.98,0.83,7,5,0,2,1,3000,1,22517
0.14,0.18,0.91,0.27,0.08,3,10,1,3,2,10000,4,300896
0.18,0.62,0.21,0.18,0.64,7,5,0,2,0,5000,4,75937
0.6,0.3,0.56,0.97,0.68,7,5,2,3,2,6000,3,211891
0.13,0.11,0.67,0.32,0.93,14,3,0,4,2,5000,3,95479
0.54,0.41,0.48,0.43,0.88,14,7,0,2,1,5000,1,33490
0.27,0.46,0.02,0.75,0.44,14,3,2,1,2,2000,4,174089
0.57,0.09,0.3,0.05,0.57,14,4,1,5,2,8000,2,67162
0.28,0.27,0.44,0.45,0.95,14,4,0,2,2,6000,4,97660
0.19,0.71,0.01,0.07,0.17,10,4,0,3,1,2000,2,30152
0.06,0.02,0.52,0.25,0.29,10,7,0,5,0,6000,1,22101
0.57,0.78,1.0,0.12,0.12,3,3,2,1,1,6000,2,52319
0.69,0.2,0.46,0.83,0.67,14,7,2,6,2,2000,4,435230
0.73,0.3,0.99,0.95,0.94,14,7,1,3,1,3000,1,46615
0.6,0.84,0.59,0.28,0.22,10,3,0,6,0,5000,1,11649
0.09,0.09,0.6,0.65,0.69,7,10,0,5,1,3000,1,47467
0.8,0.66,0.07,0.2,0.76,7,7,1,1,1,4000,4,202937
0.25,0.58,0.7,0.86,0.43,5,3,0,1,2,3000,3,51532
0.81,0.71,0.54,0.09,0.51,5,4,2,4,2,10000,3,165880
0.89,0.14,0.53,0.5,0.07,7,5,0,4,0,10000,3,45687
0.31,0.95,0.22,1.0,0.02,7,3,0,5,0,10000,2,25817
0.11,0.12,0.42,0.07,0.18,7,5,2,1,1,8000,4,161020
0.46,0.17,0.06,0.43,0.02,3,4,2,2,2,3000,4,157803
0.72,0.75,0.18,0.98,0.13,10,3,1,1,0,2000,3,41777
0.01,0.74,0.44,0.33,0.96,7,5,1,6,0,4000,2,61975
0.99,0.85,0.3,0.83,0.03,14,3,1,2,0,4000,4,55901
0.96,0.31,0.85,0.26,0.35,10,3,1,4,2,3000,2,49422
0.68,0.83,0.67,0.18,0.45,3,10,1,4,2,10000,4,363834
0.4,0.15,0.13,0.98,0.96,14,7,1,5,1,6000,3,185162
0.47,0.83,0.66,0.58,0.64,7,3,0,4,0,10000,3,45000
0.99,0.97,0.13,0.31,0.27,5,5,0,3,2,5000,4,109413
0.11,0.09,0.79,0.43,0.25,7,4,1,3,2,10000,2,58446
0.69,0.8,0.64,0.09,0.12,14,7,0,5,2,2000,2,60254
0.86,0.43,0.31,0.34,0.59,7,10,2,2,2,2000,3,432654
0.02,0.41,0.26,0.77,0.35,3,3,0,2,0,3000,3,28405
0.75,0.08,0.73,0.25,0.03,10,3,1,5,2,6000,4,76146
0.14,0.71,0.64,0.51,0.05,3,4,0,1,2,3000,1,18575
0.83,0.62,0.91,0.05,0.09,7,3,0,2,1,5000,1,10069
0.69,0.75,0.59,0.47,0.65,10,3,2,1,2,10000,4,175810
0.72,0.98,0.99,0.72,0.26,14,5,2,4,2,4000,3,188006
0.08,0.96,0.34,0.34,0.17,3,3,1,2,2,6000,4,79922
0.14,0.47,0.76,0.72,0.47,10,3,1,1,2,8000,1,26481
0.98,0.15,0.89,0.68,0.88,14,7,1,4,1,10000,1,49986
0.34,0.23,0.45,0.42,0.86,3,4,1,5,0,8000,3,88721
0.87,0.5,0.01,0.65,0.67,7,4,0,2,1,3000,2,35389
0.59,0.79,0.38,0.67,0.38,7,7,1,4,2,5000,1,58305
0.68,0.07,0.62,0.12,0.58,7,4,0,3,0,8000,1,15858
0.15,0.07,0.48,0.01,0.2,3,10,1,2,1,10000,2,112390
0.62,0.87,0.58,0.29,0.86,14,3,0,1,0,4000,1,12599
0.81,0.07,0.02,0.86,0.05,3,5,0,4,1,8000,3,73989
0.99,0.7,0.4,0.79,0.23,14,5,0,3,2,2000,1,19525
0.82,0.88,0.28,0.5,0.26,5,7,2,5,1,10000,1,68982
0.55,0.32,0.76,0.86,0.14,3,7,1,3,0,3000,2,64167
0.56,0.51,0.34,0.26,0.38,3,10,1,2,0,8000,4,157913
0.79,0.44,0.74,0.99,0.77,10,7,1,2,0,4000,1,31514
0.46,0.06,0.5,0.12,0.38,7,7,2,6,0,5000,1,55097
0.32,0.98,0.53,0.78,0.89,7,3,1,5,1,8000,4,111720
0.05,0.56,0.33,0.77,0.39,14,7,0,4,0,6000,3,65344
0.43,0.14,0.45,0.89,0.68,5,7,0,6,0,4000,2,73786
0.92,0.48,0.69,0.36,0.13,14,7,2,5,1,6000,1,70933
0.03,0.26,0.92,0.52,0.39,5,4,0,6,1,10000,3,69795
0.01,0.79,0.69,0.94,0.6,5,7,0,5,1,8000,1,38488
0.45,0.95,0.78,0.31,0.68,7,7,1,1,2,5000,4,253284
0.34,0.16,0.85,0.59,0.86,5,10,1,2,0,5000,2,99881
0.73,0.18,0.71,0.18,0.64,10,3,0,1,1,10000,3,42609
0.61,0.97,0.11,0.16,0.78,5,10,2,3,0,4000,3,289466
0.55,0.03,0.18,0.1,0.42,14,3,0,5,0,3000,1,12649
0.98,0.79,0.01,1.0,0.89,5,7,1,4,0,2000,4,161847
0.07,0.46,0.89,0.02,0.22,3,7,0,4,0,4000,1,19407
0.2,0.18,0.84,0.18,0.92,10,10,0,1,1,3000,3,141603
0.98,0.92,0.01,0.22,0.56,10,5,1,1,0,4000,3,81756
0.22,0.6,0.13,0.7,0.99,10,4,2,1,0,6000,1,40245
0.35,0.05,0.97,0.56,0.43,5,7,2,4,1,5000,3,223520
0.86,0.55,0.3,0.98,0.59,7,10,2,6,2,4000,1,151059
0.51,0.55,0.3,0.0,0.75,7,7,0,2,0,6000,1,33158
0.1,0.96,0.84,0.6,0.17,3,5,1,2,2,2000,3,110492
0.91,0.58,0.17,0.16,0.96,5,4,0,1,0,3000,3,32385
0.81,0.91,0.81,0.34,0.97,3,10,2,2,1,4000,3,411820
0.9,0.23,0.4,0.5,0.55,14,5,2,2,2,3000,2,131414
0.85,0.39,0.16,0.43,0.01,14,3,1,5,2,8000,2,40923
0.97,0.27,0.27,0.16,0.58,10,5,2,4,1,10000,2,100300
0.24,0.5,0.2,0.48,0.31,7,5,0,1,0,5000,2,29633
0.09,0.2,0.45,0.62,0.8,14,4,0,4,1,2000,2,39164
0.23,0.4,0.94,0.85,0.27,7,4,2,5,2,5000,3,162654
0.91,0.7,0.89,0.43,0.45,5,3,0,5,2,3000,3,53110
0.06,0.17,0.11,0.35,0.23,7,5,0,3,0,4000,2,28197
0.58,0.11,0.24,0.84,0.52,10,7,2,4,2,3000,3,328915
0.13,0.69,0.25,0.13,0.97,14,10,0,6,1,8000,3,194430
0.11,0.18,0.93,0.01,0.77,10,7,0,4,1,8000,4,155762
0.96,0.88,0.76,0.59,0.99,10,5,0,3,2,2000,2,74422
0.54,0.29,0.43,0.06,0.52,14,5,2,5,2,3000,2,160628
0.44,0.79,0.13,0.79,0.02,14,5,1,4,0,8000,2,44624
0.22,0.78,0.87,0.74,0.08,14,7,0,5,0,3000,2,37426
0.11,0.18,0.73,0.66,0.64,5,5,1,2,2,5000,2,89484
0.18,0.01,0.85,0.17,0.16,7,3,1,5,2,3000,1,28086
0.7,0.42,0.17,0.69,0.04,10,7,0,3,1,10000,1,24659
0.19,0.07,0.84,0.65,0.02,5,10,0,1,2,10000,1,35164
0.37,0.2,0.62,0.13,0.3,10,3,0,5,0,5000,1,13017
0.97,0.93,0.14,0.49,0.04,10,5,1,1,2,8000,4,138994
0.44,0.13,0.28,0.71,0.71,7,3,0,5,1,3000,4,55643
0.42,0.44,0.43,0.15,0.22,3,4,0,4,0,2000,3,42052
0.96,0.3,0.94,0.72,0.39,7,5,0,6,0,5000,2,43104
0.89,0.52,0.48,0.42,0.92,3,7,2,2,1,6000,3,281234
0.05,0.28,0.43,0.07,0.33,7,3,2,5,1,2000,1,36587
0.56,0.17,0.7,0.04,0.17,14,4,1,3,1,10000,3,62831
0.22,0.35,0.78,0.8,0.5,10,10,1,4,2,10000,1,83007
0.29,0.54,0.75,0.38,0.76,10,10,2,1,1,8000,4,441529
0.43,0.71,0.06,0.01,0.96,14,5,0,5,1,8000,3,80133
0.09,0.73,0.23,0.78,0.6,3,10,0,4,2,2000,3,166149
0.3,0.85,0.64,0.74,0.29,10,10,2,3,1,3000,4,391212
0.38,0.54,0.45,0.65,0.86,10,5,1,4,0,8000,4,125708
0.55,0.81,0.96,0.07,0.66,3,10,1,5,2,6000,1,75785
0.48,0.7,0.58,0.11,0.78,7,5,0,6,1,8000,4,100128
0.24,0.41,0.88,0.03,0.9,5,4,1,3,1,6000,2,51123
0.48,0.44,0.21,0.82,0.47,3,10,0,2,2,3000,4,238076
0.57,0.28,0.08,0.02,0.51,14,10,1,3,0,6000,3,170026
0.83,0.39,0.75,0.57,0.2,5,10,2,5,2,10000,4,474393
0.84,0.8,0.64,0.85,0.84,7,10,0,2,0,8000,4,137555
0.86,0.42,0.7,0.08,0.86,10,3,1,4,0,3000,1,20686
0.76,0.58,0.96,0.9,0.01,5,10,2,2,2,10000,1,118427
0.54,0.16,0.12,0.15,0.7,5,4,1,1,1,8000,1,28323
0.83,0.61,0.17,0.59,0.16,5,10,2,6,2,3000,1,128882
0.33,0.69,0.64,0.69,0.11,7,10,2,4,1,2000,4,339031
0.62,0.82,0.44,0.0,0.26,14,10,0,3,0,6000,3,93887
0.05,0.15,0.87,0.68,0.74,10,10,0,4,1,6000,1,50628
0.95,0.27,0.22,0.11,0.88,14,10,0,1,1,8000,3,166582
0.72,0.14,0.85,0.51,0.33,5,7,0,1,1,2000,2,55577
0.04,0.88,0.2,0.51,0.54,14,3,1,2,1,3000,2,42257
0.17,0.87,0.3,0.3,0.53,3,3,1,2,2,6000,3,77002
0.65,0.63,0.09,0.42,0.0,14,3,2,5,1,10000,1,27520
0.39,0.02,0.03,0.13,0.02,14,3,1,1,2,10000,2,37646
0.9,0.26,0.27,0.33,0.59,5,5,1,5,2,10000,4,138989
0.01,0.75,0.81,0.93,0.14,5,5,0,4,2,2000,1,21811
0.36,0.01,0.55,0.27,0.45,3,4,2,4,2,10000,4,214256
0.75,0.24,0.32,0.84,0.89,7,3,1,3,0,8000,4,79014
0.08,0.53,0.44,0.37,0.94,3,4,1,6,1,10000,2,65202
0.72,0.45,0.5,0.52,0.28,10,7,0,2,0,3000,4,77629
0.81,0.6,0.62,0.53,0.28,3,4,1,5,1,6000,4,103242
0.75,0.95,0.19,0.52,0.18,10,10,2,2,0,5000,4,289085
0.45,0.93,0.58,0.18,0.89,10,10,2,5,2,10000,2,354570
0.95,0.55,0.22,0.75,0.73,10,10,2,4,2,5000,4,589667
0.92,0.43,0.3,0.25,0.53,3,10,1,5,0,2000,3,161017
0.75,0.98,0.6,0.15,0.13,3,3,0,1,1,4000,1,13056
0.47,0.4,0.84,0.72,0.94,7,4,0,3,2,6000,1,23205
0.02,0.52,0.57,0.32,0.9,14,7,0,1,2,6000,4,179590
0.67,0.3,0.74,0.67,0.7,7,3,1,5,2,8000,2,54228
0.23,0.83,0.03,0.93,0.99,10,10,0,5,1,6000,4,234607
0.98,0.78,0.92,0.98,0.03,7,7,2,2,0,2000,4,190402
0.63,0.0,0.62,0.41,0.94,10,10,1,4,0,10000,3,155576
0.8,0.31,0.26,0.71,0.32,3,4,1,6,2,4000,4,102804
0.5,0.5,0.64,0.07,0.99,7,3,0,4,0,10000,2,23156
0.33,0.62,0.84,0.6,0.07,5,10,1,2,0,5000,1,39721
0.18,0.29,1.0,0.28,0.45,14,10,0,3,1,5000,1,42940
0.87,0.77,0.32,0.07,0.97,3,7,1,3,0,10000,1,46087
0.03,0.92,0.56,0.78,0.36,10,4,2,2,2,6000,3,149296
0.38,0.97,0.04,0.81,0.56,7,10,0,3,1,6000,1,36460
0.9,0.45,0.27,0.8,0.39,7,4,2,6,0,5000,1,40635
0.47,0.05,0.01,0.25,0.83,3,5,1,3,0,6000,3,79183
0.92,0.71,0.15,0.08,0.54,5,10,1,4,0,10000,1,50777
0.92,0.54,0.4,0.95,0.63,3,7,2,5,0,3000,4,250453
0.7,0.09,0.9,0.28,0.44,14,4,0,6,0,4000,4,47722
0.93,0.6,0.47,0.26,0.02,14,3,1,4,0,6000,4,49713
0.04,0.68,0.12,0.7,0.09,7,4,0,1,0,8000,2,22337
0.1,0.34,0.28,0.34,0.05,5,7,0,2,2,2000,1,34982
0.03,0.99,0.8,0.67,0.16,3,5,0,5,1,8000,1,24732
0.27,0.71,0.3,0.73,0.96,3,10,2,6,0,8000,2,207508
0.06,0.39,0.07,0.62,0.34,5,10,1,4,1,10000,4,229020
0.41,0.25,0.7,0.58,0.92,7,4,0,2,2,5000,1,29210
0.02,0.37,0.81,0.91,0.01,10,10,1,1,1,10000,1,41297
0.4,0.24,0.83,0.37,0.13,14,3,2,6,1,4000,1,35454
0.12,0.86,0.59,0.59,0.99,3,4,2,1,0,4000,2,81134
0.34,0.69,0.77,0.46,0.37,10,10,1,2,0,6000,2,73649
0.62,0.53,0.04,0.86,0.46,10,5,2,3,1,10000,3,179142
0.14,0.32,0.75,0.96,0.28,7,5,0,5,0,2000,1,19564
0.72,0.6,0.35,0.35,0.21,7,5,1,4,0,10000,2,53044
0.15,0.49,0.5,0.31,0.41,3,4,1,1,1,10000,2,48396
0.03,0.01,0.45,0.64,0.76,10,3,0,2,1,10000,1,15249
0.03,0.37,0.2,0.0,0.44,3,7,1,1,1,5000,1,42169
0.57,0.37,0.18,0.3,0.21,14,5,1,4,2,4000,1,44022
0.26,0.75,0.21,0.68,0.32,10,10,0,3,2,5000,1,46815
0.64,0.52,0.58,0.4,0.96,7,7,2,2,1,4000,4,349147
0.19,0.32,0.61,0.26,0.67,10,7,2,1,1,8000,4,311902
0.24,0.75,0.48,0.47,0.73,14,5,0,1,2,2000,2,46790
0.36,0.49,0.22,0.85,0.14,14,7,0,6,0,3000,4,73525
0.19,0.56,0.13,0.24,0.16,10,7,1,5,2,8000,2,92437
0.47,0.24,0.93,0.16,0.72,7,4,0,2,0,8000,2,27476
0.25,0.99,0.07,0.62,0.23,5,10,1,3,0,3000,3,135232
0.6,0.53,0.89,0.01,0.67,7,5,0,3,1,8000,3,59104
0.91,0.44,0.44,0.69,0.62,5,10,0,1,0,2000,4,118197
0.21,0.15,0.77,0.43,0.63,5,4,1,4,1,5000,2,48770
0.89,0.51,0.96,0.95,0.4,7,7,0,4,0,3000,3,58166
0.8,0.34,0.31,0.62,0.8,5,5,0,6,0,8000,4,117519
0.73,0.13,0.5,0.02,0.65,10,7,1,5,0,5000,4,142240
0.57,0.0,0.93,0.83,0.01,3,4,2,4,0,10000,3,95160
0.96,0.26,0.41,0.07,0.57,7,5,2,4,2,6000,2,152715
0.22,0.59,0.77,0.68,0.75,14,5,2,1,1,6000,4,242814
0.62,0.31,0.31,0.87,0.6,5,4,1,4,1,3000,2,54263
0.59,0.89,0.1,0.1,0.72,14,10,2,1,2,10000,1,150681
0.56,0.34,0.25,0.0,0.07,10,7,2,6,0,3000,2,119594
0.53,0.92,0.94,0.3,0.83,5,5,1,6,1,8000,4,155314
0.5,0.14,0.97,0.21,0.53,14,7,0,3,2,6000,3,110944
0.05,0.7,0.99,0.2,0.72,14,5,1,3,1,8000,3,97619
0.68,0.52,0.69,0.62,0.57,10,4,2,5,0,2000,4,139278
0.8,0.05,0.54,0.57,0.14,3,7,1,2,0,2000,4,123200
0.32,0.45,0.51,0.95,0.33,14,7,1,3,1,5000,3,104279
0.47,0.27,0.01,0.39,0.45,14,7,2,2,1,8000,1,67670
0.38,0.26,0.11,0.18,0.26,7,5,0,5,2,6000,4,83744
0.8,0.83,0.2,0.41,0.53,10,3,2,2,1,10000,4,131357
0.45,0.96,0.41,0.05,0.62,7,4,0,5,2,5000,1,23034
0.69,0.73,0.54,0.74,0.22,14,5,2,1,0,4000,1,38500
0.07,0.61,0.6,0.87,0.92,14,7,0,3,1,3000,3,86450
0.39,0.27,0.01,0.32,0.04,5,5,1,6,1,4000,1,30341
0.64,0.95,0.57,0.68,0.89,14,10,0,2,2,5000,1,71052
0.25,0.15,0.87,0.86,0.8,3,5,2,5,0,4000,3,148700
0.19,0.31,0.04,0.1,0.74,10,7,1,5,1,5000,3,168746
0.95,0.66,0.07,0.9,0.74,14,4,0,1,2,6000,2,49528
0.64,0.87,0.7,0.81,0.28,14,7,0,2,2,10000,2,59654
0.74,0.36,0.55,0.72,0.76,5,7,1,4,1,6000,2,91064
0.7,0.38,0.18,0.59,0.66,3,5,0,5,0,5000,2,39240
0.38,0.36,0.34,0.31,0.62,14,3,1,2,0,3000,4,62470
0.65,0.12,0.62,0.95,0.03,5,4,0,4,2,10000,1,21766
0.8,0.98,0.32,0.27,0.8,14,7,0,6,2,4000,4,206268
0.7,0.07,0.79,0.42,0.31,5,10,2,1,2,6000,1,120427
0.51,0.35,0.06,0.49,0.06,14,5,1,5,2,10000,4,146068
0.55,0.51,0.55,0.44,0.21,3,4,0,6,1,5000,1,15938
0.4,0.11,0.11,0.63,0.67,3,5,2,1,2,10000,1,75988
0.79,0.52,0.39,0.66,0.76,14,4,0,6,1,2000,4,112749
0.85,0.6,0.87,0.05,0.59,5,7,0,5,2,3000,4,214178
0.23,0.27,0.71,0.66,0.85,7,10,1,1,0,8000,3,161478
0.33,0.51,0.41,0.52,0.73,5,4,1,3,2,5000,1,42038
0.24,0.1,0.17,0.81,0.9,5,3,1,3,1,8000,1,25390
0.68,0.03,0.13,0.09,0.48,14,4,2,3,2,10000,3,155343
0.37,0.51,0.21,0.97,0.31,7,7,0,6,2,2000,2,89025
0.32,0.05,0.4,0.99,0.11,10,10,2,1,2,2000,4,475930
0.54,0.87,0.14,0.64,0.3,7,5,1,5,1,4000,4,143023
0.29,0.91,0.99,0.82,0.42,10,5,0,1,1,3000,2,38284
0.22,0.5,0.66,0.87,0.36,10,5,1,6,0,6000,2,57585
0.1,0.39,0.56,0.74,0.71,5,10,0,3,2,4000,3,175889
0.23,0.18,0.09,0.85,0.74,3,10,1,6,2,4000,2,202276
0.39,0.95,0.91,0.3,0.79,10,5,1,2,2,2000,3,154693
0.36,0.28,0.08,0.63,0.27,14,3,1,1,1,2000,3,47868
0.17,0.51,0.09,0.56,0.07,7,3,0,3,1,8000,4,58940
0.06,0.59,0.82,0.2,0.49,10,5,0,6,0,6000,2,42233
0.66,1.0,0.97,0.77,0.03,5,7,2,3,2,2000,4,302990
0.56,0.19,0.38,0.46,0.6,10,7,1,4,0,2000,2,78993
0.24,0.17,0.95,0.03,0.79,5,4,2,6,0,4000,1,38715
0.44,0.42,0.22,0.42,0.36,3,3,1,4,2,2000,3,76430
0.28,0.4,0.27,0.03,0.16,5,5,0,4,1,10000,4,88497
0.31,0.87,0.38,0.05,0.55,5,7,0,4,0,2000,3,89748
0.89,0.63,0.36,0.76,0.64,10,7,1,3,0,4000,1,35737
0.86,0.79,0.81,0.32,0.97,7,5,0,6,2,3000,3,146228
0.68,0.88,0.4,0.14,0.53,14,4,2,1,1,5000,2,77620
0.93,0.28,0.73,0.7,0.37,10,5,2,2,0,4000,1,39662
0.78,0.46,0.52,0.59,0.32,3,4,2,1,1,2000,3,113264
0.5,0.44,0.09,0.19,0.7,7,10,0,1,0,8000,4,106230
0.21,0.08,0.09,0.06,0.23,10,10,1,2,2,2000,1,69123
0.55,0.1,0.62,0.41,0.52,10,5,0,3,1,10000,1,25478
0.65,0.0,0.86,0.82,0.66,5,3,1,3,0,8000,2,29039
0.05,0.2,0.19,0.5,0.87,7,3,2,3,0,3000,3,91830
0.29,0.15,0.4,0.48,0.1,3,5,1,6,2,6000,2,65321
0.4,0.89,0.21,0.74,0.14,5,4,1,1,0,4000,2,29202
0.66,0.05,0.38,0.66,0.1,14,3,0,1,0,4000,3,22913
0.1,0.23,0.17,0.18,0.38,3,4,0,2,2,6000,3,67298
0.28,0.13,0.3,0.5,0.3,7,10,1,4,0,3000,3,145418
0.43,0.27,0.75,0.73,0.58,7,4,1,4,2,8000,4,147232
0.66,0.55,0.63,0.18,0.47,5,5,1,1,1,8000,2,58519
0.81,0.56,0.07,0.49,0.9,5,5,0,6,2,2000,4,138838
0.27,0.78,0.37,0.25,0.85,7,4,1,4,1,10000,4,136562
0.67,0.34,0.56,0.7,0.7,10,4,2,5,2,4000,2,118708
0.88,0.71,0.99,0.49,0.59,7,3,1,4,0,3000,4,89957
0.42,0.2,0.63,0.93,0.32,5,5,1,5,1,6000,4,134819
0.03,0.78,0.39,0.54,0.3,10,10,2,2,2,6000,1,117064
0.86,0.67,0.5,0.1,0.9,14,4,2,4,0,2000,2,83074
0.21,0.13,0.06,0.69,0.78,3,3,1,5,2,5000,4,145126
0.56,0.14,0.73,0.57,0.12,3,5,1,2,2,10000,3,108677
0.18,0.64,0.84,0.75,0.99,5,7,2,3,1,10000,4,345313
0.11,0.14,0.93,0.86,0.59,7,3,0,4,2,4000,1,20733
0.64,0.7,0.38,0.29,0.46,14,7,1,6,0,5000,2,66546
0.6,0.03,0.96,0.11,0.35,14,3,0,4,2,3000,3,67395
0.76,0.08,0.23,0.27,0.27,10,7,1,6,0,8000,3,94365
0.05,0.56,0.8,0.27,0.73,3,7,1,5,0,2000,1,38454
0.1,0.01,0.28,0.65,0.59,3,3,0,3,2,3000,1,19260
0.83,0.42,0.42,0.12,0.92,3,3,2,5,0,3000,3,94336
0.85,0.2,0.5,0.74,0.33,14,5,0,1,0,4000,2,26270
0.7,0.57,0.67,0.49,0.94,14,3,0,5,1,2000,1,18310
0.86,0.88,0.79,0.12,0.88,3,10,2,3,0,3000,3,321629
0.0,0.97,0.52,0.8,0.09,3,3,0,5,1,10000,3,39806
0.48,0.7,0.77,0.61,0.97,10,10,1,4,1,4000,4,289187
0.24,0.79,0.08,0.92,0.5,14,3,2,4,0,10000,3,79396
0.15,0.35,0.88,0.08,0.24,7,4,1,1,1,6000,4,81568
0.07,0.55,0.81,0.34,1.0,5,7,2,3,0,2000,2,144036
0.49,0.81,0.93,0.47,0.54,14,5,2,5,1,5000,4,236402
0.57,0.95,0.22,0.06,0.37,14,5,1,4,1,8000,4,117567
0.78,0.3,0.15,0.99,0.45,3,7,0,4,1,3000,3,80717
0.26,0.87,0.48,0.66,0.08,7,3,0,1,1,6000,4,32913
0.79,0.51,0.78,0.1,0.01,10,7,2,5,0,8000,3,149831
0.14,0.14,0.47,0.17,0.5,3,3,1,6,0,3000,2,33432
0.18,0.56,0.28,0.54,0.47,5,10,0,3,2,6000,3,111376
0.09,0.73,0.55,0.45,0.8,5,5,0,6,0,3000,3,72632
0.85,0.77,0.19,0.97,0.94,5,4,2,5,2,3000,1,76998
0.12,0.7,0.66,0.96,0.56,3,10,1,5,0,2000,2,100089
0.07,0.89,0.1,0.29,0.87,7,4,1,1,2,4000,2,81207
0.91,0.93,0.26,0.47,0.41,10,5,2,6,0,6000,1,40949
0.51,0.56,0.61,0.02,0.22,7,7,2,6,2,2000,2,190937
0.77,0.67,0.1,0.82,0.62,10,5,0,6,1,6000,1,25611
0.32,0.34,0.49,0.37,0.57,3,10,1,2,2,8000,1,92914
0.43,0.64,0.69,0.36,0.15,14,10,1,1,1,2000,1,49179
0.46,0.23,0.76,0.37,0.89,3,7,1,2,1,5000,1,50583
0.56,0.3,0.9,0.06,0.36,3,10,1,2,1,8000,4,235365
0.64,0.85,0.3,0.3,0.77,10,4,1,1,2,4000,2,68079
0.25,0.21,0.51,0.77,0.27,10,4,1,1,2,4000,3,86833
0.11,0.53,0.32,0.28,0.96,3,7,0,4,2,10000,4,142419
0.16,0.45,0.24,0.76,0.22,5,10,1,6,2,4000,3,215604
0.08,0.64,0.92,0.14,0.39,3,5,0,2,2,5000,4,119691
0.6,0.44,0.1,0.3,0.16,5,4,0,3,0,5000,4,53579
0.12,0.68,0.59,0.9,0.38,5,7,0,4,0,3000,3,73760
0.22,0.84,0.59,0.5,0.3,7,3,0,2,0,5000,1,10738
0.11,0.24,0.24,0.37,0.23,14,7,0,5,0,2000,1,19437
0.71,0.65,0.43,0.38,0.18,7,7,2,6,2,4000,4,354812
0.37,0.97,0.31,0.73,0.58,14,4,0,1,1,10000,3,43715
0.74,0.08,0.39,0.63,0.47,14,3,1,3,1,4000,4,91872
0.25,0.01,0.74,0.61,0.94,7,4,2,5,2,2000,1,79564
0.5,0.97,0.71,0.34,0.34,10,7,0,2,0,10000,2,41175
0.7,0.32,0.55,0.41,0.07,14,3,0,2,0,2000,1,9644
0.55,0.93,0.02,0.63,0.48,10,4,1,2,0,3000,2,41083
0.54,0.59,0.07,0.14,0.82,14,5,2,5,1,5000,2,119286
0.29,0.15,0.31,0.02,0.03,5,7,1,2,2,10000,2,101690
0.07,0.14,0.44,0.6,0.63,10,7,2,2,0,5000,3,191316
0.55,0.8,0.5,0.34,0.07,7,4,2,2,0,2000,1,29655
0.87,0.81,0.8,0.16,0.43,7,4,1,4,0,10000,3,53411
0.18,0.28,0.94,0.22,0.81,5,7,1,6,1,4000,4,245315
0.41,0.53,0.51,0.59,0.16,7,10,1,6,1,10000,1,49683
0.63,0.31,0.96,0.58,0.97,10,5,1,5,1,10000,1,38746
0.87,0.77,0.75,0.88,0.71,5,10,0,6,1,8000,1,53486
0.78,0.26,0.88,0.87,0.07,14,3,1,4,2,4000,1,21038
0.2,0.89,0.46,0.98,0.69,3,5,1,4,2,6000,4,163603
0.86,0.29,0.66,0.46,0.2,14,10,0,1,1,5000,2,59532
0.44,0.73,0.16,0.06,0.57,7,5,0,6,1,5000,4,137558
0.01,0.2,0.63,0.67,0.85,14,7,0,1,0,2000,2,39734
0.82,0.84,0.89,0.72,0.52,14,5,0,4,1,10000,2,39747
0.85,0.68,0.38,0.95,0.51,14,10,1,4,2,8000,1,78366
0.01,0.34,0.68,0.61,0.29,10,10,0,1,2,4000,4,213500
0.83,0.11,0.19,0.26,0.37,3,10,0,3,0,10000,1,28655
0.33,0.39,0.48,0.79,0.53,3,10,0,2,2,8000,1,50676
0.07,0.28,0.27,0.06,0.41,14,5,0,6,0,10000,3,58386
0.65,0.27,0.65,0.48,0.46,7,10,0,2,0,6000,1,31135
0.93,0.38,0.45,0.49,0.82,14,5,0,1,2,2000,2,61580
0.4,0.61,0.69,0.65,0.2,3,7,0,1,1,6000,4,102449
0.11,0.57,0.47,0.83,0.44,14,10,0,6,0,3000,4,144460
0.04,0.32,0.03,0.97,0.54,7,4,1,3,2,6000,1,35777
0.33,0.71,0.55,0.25,0.95,5,10,2,5,2,3000,3,483946
0.66,0.09,0.91,0.7,0.34,3,3,2,3,2,10000,3,127121
0.48,0.87,0.0,0.87,0.2,5,10,1,2,0,10000,4,179807
0.38,0.59,0.81,0.22,0.32,7,3,0,3,0,10000,3,29372
0.97,0.0,0.54,0.82,0.94,3,10,2,4,0,8000,1,106886
0.83,0.56,0.72,0.17,0.48,10,7,1,6,0,2000,3,96446
0.69,0.48,0.5,0.39,0.0,14,3,0,4,0,3000,1,7781
0.86,0.14,0.3,0.29,0.22,3,5,2,6,1,10000,4,203888
0.62,0.93,0.71,0.43,0.12,14,10,2,4,0,5000,3,231894
0.35,0.4,0.77,0.41,0.04,14,7,2,2,0,4000,3,133782
0.71,0.15,0.94,0.84,0.94,10,5,0,4,2,3000,2,56886
0.08,0.26,0.98,0.7,0.46,7,5,1,6,0,5000,1,28765
0.49,0.64,0.11,0.91,0.33,3,3,0,4,2,10000,2,29754
0.5,0.13,0.35,0.57,0.21,7,7,1,5,1,10000,2,74050
0.51,0.71,0.36,0.89,0.6,3,5,2,4,1,6000,1,59742
0.24,0.9,0.51,0.41,0.63,7,4,0,1,0,2000,4,54528
0.66,0.42,0.15,0.52,0.31,14,5,1,5,0,8000,4,99511
0.0,0.81,0.69,0.73,0.66,3,10,1,6,0,2000,3,180769
0.02,0.09,0.02,0.77,0.28,5,7,0,4,2,3000,1,46415
0.2,0.23,0.9,0.85,0.91,10,10,2,2,0,2000,1,98709
0.59,0.53,0.6,0.23,0.55,14,3,2,1,1,10000,1,33523
0.98,0.23,0.7,0.28,0.34,14,4,2,6,0,6000,2,65064
0.22,0.44,0.42,0.24,0.42,5,10,2,1,2,10000,1,126201
0.64,0.52,0.35,0.98,0.76,7,7,2,3,1,10000,1,85999
0.07,0.83,1.0,0.04,0.35,14,4,2,6,0,2000,4,144516
0.45,0.5,0.98,0.09,0.58,3,5,0,6,1,6000,2,57907
0.86,0.65,0.76,0.1,0.81,10,7,2,1,2,5000,4,412748
0.53,0.81,0.22,0.93,0.43,14,5,0,1,2,8000,4,110003
0.46,0.4,0.59,0.18,0.43,10,10,2,5,0,6000,2,176235
0.09,0.4,0.82,0.17,0.55,14,10,2,1,1,4000,2,212680
0.54,0.14,0.34,0.48,0.46,10,5,2,4,1,4000,1,56369
0.56,0.96,0.53,0.32,0.92,7,3,1,1,1,4000,4,89160
0.57,0.95,0.14,0.96,0.86,10,5,0,5,2,5000,1,38823
0.98,0.53,0.04,0.87,0.36,3,3,2,5,0,4000,3,92588
0.18,0.95,0.56,0.89,0.35,10,3,2,2,2,2000,2,76426
0.12,0.73,0.15,0.63,0.06,14,7,2,1,1,4000,2,111530
0.66,0.6,0.15,0.18,0.23,5,7,2,2,0,8000,1,52757
0.04,0.78,0.5,0.2,0.94,7,4,1,6,2,5000,2,97934
0.57,0.36,0.47,0.79,0.64,3,5,1,6,0,10000,3,93478
